idna_subject,checker_type,destination,source,tested_at,session_id
goatse.ca,AVAILABILITY,origin.list,origin.list,2022-04-03 05:17:24.267811,7ac7cdde93788441dc817202
goatse.cx,AVAILABILITY,origin.list,origin.list,2022-04-03 05:17:24.503709,7ac7cdde93788441dc817202
oralse.cx,AVAILABILITY,origin.list,origin.list,2022-04-03 05:17:24.553358,7ac7cdde93788441dc817202
www.oralse.cx,AVAILABILITY,origin.list,origin.list,2022-04-03 05:17:25.087572,7ac7cdde93788441dc817202
www.goatse.cx,AVAILABILITY,origin.list,origin.list,2022-04-03 05:17:25.833172,7ac7cdde93788441dc817202
goat.cx,AVAILABILITY,origin.list,origin.list,2022-04-03 05:17:27.932085,7ac7cdde93788441dc817202
www.goatse.ca,AVAILABILITY,origin.list,origin.list,2022-04-03 05:17:28.048472,7ac7cdde93788441dc817202
shafou.com,AVAILABILITY,origin.list,origin.list,2022-04-03 05:17:28.387452,7ac7cdde93788441dc817202
www.goat.cx,AVAILABILITY,origin.list,origin.list,2022-04-03 05:17:28.782115,7ac7cdde93788441dc817202
www.shafou.com,AVAILABILITY,origin.list,origin.list,2022-04-03 05:17:29.695766,7ac7cdde93788441dc817202
1guy1cock.com,AVAILABILITY,origin.list,origin.list,2022-04-03 05:17:31.120411,7ac7cdde93788441dc817202
1man1jar.org,AVAILABILITY,origin.list,origin.list,2022-04-03 05:17:31.433250,7ac7cdde93788441dc817202
1girl1pitcher.com,AVAILABILITY,origin.list,origin.list,2022-04-03 05:17:31.452120,7ac7cdde93788441dc817202
1girl1pitcher.org,AVAILABILITY,origin.list,origin.list,2022-04-03 05:17:32.523685,7ac7cdde93788441dc817202
1man2needles.com,AVAILABILITY,origin.list,origin.list,2022-04-03 05:17:33.086099,7ac7cdde93788441dc817202
2girls1cup-free.com,AVAILABILITY,origin.list,origin.list,2022-04-03 05:17:34.006565,7ac7cdde93788441dc817202
1priest1nun.net,AVAILABILITY,origin.list,origin.list,2022-04-03 05:17:35.196009,7ac7cdde93788441dc817202
1priest1nun.com,AVAILABILITY,origin.list,origin.list,2022-04-03 05:17:35.269903,7ac7cdde93788441dc817202
2girls1cup.com,AVAILABILITY,origin.list,origin.list,2022-04-03 05:17:35.915266,7ac7cdde93788441dc817202
2girls1cup.nl,AVAILABILITY,origin.list,origin.list,2022-04-03 05:17:36.518457,7ac7cdde93788441dc817202
2girls1cup.cc,AVAILABILITY,origin.list,origin.list,2022-04-03 05:17:36.936124,7ac7cdde93788441dc817202
2girls1cup.ws,AVAILABILITY,origin.list,origin.list,2022-04-03 05:17:37.654218,7ac7cdde93788441dc817202
2girls1finger.org,AVAILABILITY,origin.list,origin.list,2022-04-03 05:17:37.873115,7ac7cdde93788441dc817202
2guys1stump.org,AVAILABILITY,origin.list,origin.list,2022-04-03 05:17:38.267023,7ac7cdde93788441dc817202
3guys1hammer.ws,AVAILABILITY,origin.list,origin.list,2022-04-03 05:17:38.279783,7ac7cdde93788441dc817202
4girlsfingerpaint.com,AVAILABILITY,origin.list,origin.list,2022-04-03 05:17:39.638373,7ac7cdde93788441dc817202
bestgore.com,AVAILABILITY,origin.list,origin.list,2022-04-03 05:17:40.478302,7ac7cdde93788441dc817202
4girlsfingerpaint.org,AVAILABILITY,origin.list,origin.list,2022-04-03 05:17:40.745353,7ac7cdde93788441dc817202
bagslap.com,AVAILABILITY,origin.list,origin.list,2022-04-03 05:17:41.850696,7ac7cdde93788441dc817202
bestgore.fun,AVAILABILITY,origin.list,origin.list,2022-04-03 05:17:42.756407,7ac7cdde93788441dc817202
bluewaffle.biz,AVAILABILITY,origin.list,origin.list,2022-04-03 05:17:44.004138,7ac7cdde93788441dc817202
bestshockers.com,AVAILABILITY,origin.list,origin.list,2022-04-03 05:17:44.021476,7ac7cdde93788441dc817202
bottleguy.com,AVAILABILITY,origin.list,origin.list,2022-04-03 05:17:45.157270,7ac7cdde93788441dc817202
bowlgirl.com,AVAILABILITY,origin.list,origin.list,2022-04-03 05:17:45.523121,7ac7cdde93788441dc817202
ballsack.org,AVAILABILITY,origin.list,origin.list,2022-04-03 05:17:46.314591,7ac7cdde93788441dc817202
clownsong.com,AVAILABILITY,origin.list,origin.list,2022-04-03 05:17:48.847841,7ac7cdde93788441dc817202
cadaver.org,AVAILABILITY,origin.list,origin.list,2022-04-03 05:17:48.955558,7ac7cdde93788441dc817202
cyberscat.com,AVAILABILITY,origin.list,origin.list,2022-04-03 05:17:49.387741,7ac7cdde93788441dc817202
detroithardcore.com,AVAILABILITY,origin.list,origin.list,2022-04-03 05:17:49.766992,7ac7cdde93788441dc817202
dadparty.com,AVAILABILITY,origin.list,origin.list,2022-04-03 05:17:51.182402,7ac7cdde93788441dc817202
donotwatch.org,AVAILABILITY,origin.list,origin.list,2022-04-03 05:17:53.055272,7ac7cdde93788441dc817202
fruitlauncher.com,AVAILABILITY,origin.list,origin.list,2022-04-03 05:17:53.743959,7ac7cdde93788441dc817202
eelsoup.net,AVAILABILITY,origin.list,origin.list,2022-04-03 05:17:55.836053,7ac7cdde93788441dc817202
funnelchair.com,AVAILABILITY,origin.list,origin.list,2022-04-03 05:17:56.054744,7ac7cdde93788441dc817202
goatse.bz,AVAILABILITY,origin.list,origin.list,2022-04-03 05:17:57.715900,7ac7cdde93788441dc817202
goatsegirl.org,AVAILABILITY,origin.list,origin.list,2022-04-03 05:17:58.565692,7ac7cdde93788441dc817202
goatse.ru,AVAILABILITY,origin.list,origin.list,2022-04-03 05:17:59.066051,7ac7cdde93788441dc817202
hai2u.com,AVAILABILITY,origin.list,origin.list,2022-04-03 05:17:59.172903,7ac7cdde93788441dc817202
homewares.org,AVAILABILITY,origin.list,origin.list,2022-04-03 05:18:00.712905,7ac7cdde93788441dc817202
dontwatch.us,AVAILABILITY,origin.list,origin.list,2022-04-03 05:18:01.183793,7ac7cdde93788441dc817202
jarsquatter.com,AVAILABILITY,origin.list,origin.list,2022-04-03 05:18:01.483966,7ac7cdde93788441dc817202
japscat.org,AVAILABILITY,origin.list,origin.list,2022-04-03 05:18:03.179710,7ac7cdde93788441dc817202
kids-in-sandbox.com,AVAILABILITY,origin.list,origin.list,2022-04-03 05:18:05.593019,7ac7cdde93788441dc817202
kidsinsandbox.info,AVAILABILITY,origin.list,origin.list,2022-04-03 05:18:05.866832,7ac7cdde93788441dc817202
lemonparty.biz,AVAILABILITY,origin.list,origin.list,2022-04-03 05:18:06.615957,7ac7cdde93788441dc817202
lolhello.com,AVAILABILITY,origin.list,origin.list,2022-04-03 05:18:08.746263,7ac7cdde93788441dc817202
lemonparty.org,AVAILABILITY,origin.list,origin.list,2022-04-03 05:18:08.809708,7ac7cdde93788441dc817202
howtotroll.org,AVAILABILITY,origin.list,origin.list,2022-04-03 05:18:10.916518,7ac7cdde93788441dc817202
lolshock.com,AVAILABILITY,origin.list,origin.list,2022-04-03 05:18:11.572693,7ac7cdde93788441dc817202
loltrain.com,AVAILABILITY,origin.list,origin.list,2022-04-03 05:18:12.651320,7ac7cdde93788441dc817202
meatspin.biz,AVAILABILITY,origin.list,origin.list,2022-04-03 05:18:13.473149,7ac7cdde93788441dc817202
merryholidays.org,AVAILABILITY,origin.list,origin.list,2022-04-03 05:18:14.584601,7ac7cdde93788441dc817202
meatspin.com,AVAILABILITY,origin.list,origin.list,2022-04-03 05:18:15.480493,7ac7cdde93788441dc817202
milkfountain.com,AVAILABILITY,origin.list,origin.list,2022-04-03 05:18:16.914121,7ac7cdde93788441dc817202
mudfall.com,AVAILABILITY,origin.list,origin.list,2022-04-03 05:18:19.083428,7ac7cdde93788441dc817202
mudmonster.org,AVAILABILITY,origin.list,origin.list,2022-04-03 05:18:19.260711,7ac7cdde93788441dc817202
jiztini.com,AVAILABILITY,origin.list,origin.list,2022-04-03 05:18:21.102051,7ac7cdde93788441dc817202
nobrain.dk,AVAILABILITY,origin.list,origin.list,2022-04-03 05:18:21.227866,7ac7cdde93788441dc817202
nimp.org,AVAILABILITY,origin.list,origin.list,2022-04-03 05:18:21.955525,7ac7cdde93788441dc817202
nutabuse.com,AVAILABILITY,origin.list,origin.list,2022-04-03 05:18:21.955579,7ac7cdde93788441dc817202
octopusgirl.com,AVAILABILITY,origin.list,origin.list,2022-04-03 05:18:23.863378,7ac7cdde93788441dc817202
on.nimp.org,AVAILABILITY,origin.list,origin.list,2022-04-03 05:18:26.000157,7ac7cdde93788441dc817202
painolympics.info,AVAILABILITY,origin.list,origin.list,2022-04-03 05:18:26.615208,7ac7cdde93788441dc817202
phonejapan.com,AVAILABILITY,origin.list,origin.list,2022-04-03 05:18:27.388963,7ac7cdde93788441dc817202
painolympics.org,AVAILABILITY,origin.list,origin.list,2022-04-03 05:18:27.476753,7ac7cdde93788441dc817202
pressurespot.com,AVAILABILITY,origin.list,origin.list,2022-04-03 05:18:28.405807,7ac7cdde93788441dc817202
selfpwn.org,AVAILABILITY,origin.list,origin.list,2022-04-03 05:18:29.954134,7ac7cdde93788441dc817202
prolapseman.com,AVAILABILITY,origin.list,origin.list,2022-04-03 05:18:30.100983,7ac7cdde93788441dc817202
scrollbelow.com,AVAILABILITY,origin.list,origin.list,2022-04-03 05:18:30.369227,7ac7cdde93788441dc817202
shockgore.com,AVAILABILITY,origin.list,origin.list,2022-04-03 05:18:30.941480,7ac7cdde93788441dc817202
sourmath.com,AVAILABILITY,origin.list,origin.list,2022-04-03 05:18:31.813243,7ac7cdde93788441dc817202
thatsjustgay.com,AVAILABILITY,origin.list,origin.list,2022-04-03 05:18:34.286685,7ac7cdde93788441dc817202
strawpoii.me,AVAILABILITY,origin.list,origin.list,2022-04-03 05:18:34.679599,7ac7cdde93788441dc817202
suckdude.com,AVAILABILITY,origin.list,origin.list,2022-04-03 05:18:35.492014,7ac7cdde93788441dc817202
thehomo.org,AVAILABILITY,origin.list,origin.list,2022-04-03 05:18:35.590429,7ac7cdde93788441dc817202
thepounder.com,AVAILABILITY,origin.list,origin.list,2022-04-03 05:18:37.029600,7ac7cdde93788441dc817202
turdgasm.com,AVAILABILITY,origin.list,origin.list,2022-04-03 05:18:39.355720,7ac7cdde93788441dc817202
themacuser.org,AVAILABILITY,origin.list,origin.list,2022-04-03 05:18:39.371175,7ac7cdde93788441dc817202
tubgirl.me,AVAILABILITY,origin.list,origin.list,2022-04-03 05:18:39.462501,7ac7cdde93788441dc817202
tubgirl.org,AVAILABILITY,origin.list,origin.list,2022-04-03 05:18:41.466182,7ac7cdde93788441dc817202
vomitgirl.org,AVAILABILITY,origin.list,origin.list,2022-04-03 05:18:41.467589,7ac7cdde93788441dc817202
walkthedinosaur.com,AVAILABILITY,origin.list,origin.list,2022-04-03 05:18:42.906840,7ac7cdde93788441dc817202
whipcrack.org,AVAILABILITY,origin.list,origin.list,2022-04-03 05:18:44.395025,7ac7cdde93788441dc817202
thatsphucked.com,AVAILABILITY,origin.list,origin.list,2022-04-03 05:18:44.796524,7ac7cdde93788441dc817202
wormgush.com,AVAILABILITY,origin.list,origin.list,2022-04-03 05:18:45.147787,7ac7cdde93788441dc817202
www.1guy1cock.com,AVAILABILITY,origin.list,origin.list,2022-04-03 05:18:46.311703,7ac7cdde93788441dc817202
www.1girl1pitcher.org,AVAILABILITY,origin.list,origin.list,2022-04-03 05:18:47.078716,7ac7cdde93788441dc817202
www.1man1jar.org,AVAILABILITY,origin.list,origin.list,2022-04-03 05:18:47.963755,7ac7cdde93788441dc817202
www.1priest1nun.com,AVAILABILITY,origin.list,origin.list,2022-04-03 05:18:50.298230,7ac7cdde93788441dc817202
www.1man2needles.com,AVAILABILITY,origin.list,origin.list,2022-04-03 05:18:50.314618,7ac7cdde93788441dc817202
www.1priest1nun.net,AVAILABILITY,origin.list,origin.list,2022-04-03 05:18:51.015859,7ac7cdde93788441dc817202
www.2girls1cup-free.com,AVAILABILITY,origin.list,origin.list,2022-04-03 05:18:52.173262,7ac7cdde93788441dc817202
www.2girls1cup.cc,AVAILABILITY,origin.list,origin.list,2022-04-03 05:18:53.431693,7ac7cdde93788441dc817202
www.2girls1cup.nl,AVAILABILITY,origin.list,origin.list,2022-04-03 05:18:55.109012,7ac7cdde93788441dc817202
www.2girls1finger.org,AVAILABILITY,origin.list,origin.list,2022-04-03 05:18:55.812120,7ac7cdde93788441dc817202
www.2girls1cup.ws,AVAILABILITY,origin.list,origin.list,2022-04-03 05:18:55.866535,7ac7cdde93788441dc817202
www.2guys1stump.org,AVAILABILITY,origin.list,origin.list,2022-04-03 05:18:55.926436,7ac7cdde93788441dc817202
www.3guys1hammer.ws,AVAILABILITY,origin.list,origin.list,2022-04-03 05:18:58.375116,7ac7cdde93788441dc817202
www.4girlsfingerpaint.org,AVAILABILITY,origin.list,origin.list,2022-04-03 05:18:59.539483,7ac7cdde93788441dc817202
www.bluewaffle.biz,AVAILABILITY,origin.list,origin.list,2022-04-03 05:19:00.461520,7ac7cdde93788441dc817202
www.bowlgirl.com,AVAILABILITY,origin.list,origin.list,2022-04-03 05:19:01.970246,7ac7cdde93788441dc817202
www.bottleguy.com,AVAILABILITY,origin.list,origin.list,2022-04-03 05:19:02.670658,7ac7cdde93788441dc817202
www.bagslap.com,AVAILABILITY,origin.list,origin.list,2022-04-03 05:19:02.719897,7ac7cdde93788441dc817202
www.cadaver.org,AVAILABILITY,origin.list,origin.list,2022-04-03 05:19:03.452187,7ac7cdde93788441dc817202
www.ballsack.org,AVAILABILITY,origin.list,origin.list,2022-04-03 05:19:05.532681,7ac7cdde93788441dc817202
www.clownsong.com,AVAILABILITY,origin.list,origin.list,2022-04-03 05:19:05.963145,7ac7cdde93788441dc817202
www.donotwatch.org,AVAILABILITY,origin.list,origin.list,2022-04-03 05:19:07.252259,7ac7cdde93788441dc817202
www.detroithardcore.com,AVAILABILITY,origin.list,origin.list,2022-04-03 05:19:07.393680,7ac7cdde93788441dc817202
www.dadparty.com,AVAILABILITY,origin.list,origin.list,2022-04-03 05:19:07.437963,7ac7cdde93788441dc817202
www.eelsoup.net,AVAILABILITY,origin.list,origin.list,2022-04-03 05:19:10.186925,7ac7cdde93788441dc817202
www.fruitlauncher.com,AVAILABILITY,origin.list,origin.list,2022-04-03 05:19:12.556284,7ac7cdde93788441dc817202
www.funnelchair.com,AVAILABILITY,origin.list,origin.list,2022-04-03 05:19:13.467709,7ac7cdde93788441dc817202
www.goatse.bz,AVAILABILITY,origin.list,origin.list,2022-04-03 05:19:13.731576,7ac7cdde93788441dc817202
www.goatse.ru,AVAILABILITY,origin.list,origin.list,2022-04-03 05:19:15.918155,7ac7cdde93788441dc817202
www.dontwatch.us,AVAILABILITY,origin.list,origin.list,2022-04-03 05:19:16.172555,7ac7cdde93788441dc817202
www.homewares.org,AVAILABILITY,origin.list,origin.list,2022-04-03 05:19:17.462488,7ac7cdde93788441dc817202
www.hai2u.com,AVAILABILITY,origin.list,origin.list,2022-04-03 05:19:18.336097,7ac7cdde93788441dc817202
www.goatsegirl.org,AVAILABILITY,origin.list,origin.list,2022-04-03 05:19:19.092751,7ac7cdde93788441dc817202
www.kidsinsandbox.info,AVAILABILITY,origin.list,origin.list,2022-04-03 05:19:22.208270,7ac7cdde93788441dc817202
www.kids-in-sandbox.com,AVAILABILITY,origin.list,origin.list,2022-04-03 05:19:22.399641,7ac7cdde93788441dc817202
www.lemonparty.biz,AVAILABILITY,origin.list,origin.list,2022-04-03 05:19:23.039889,7ac7cdde93788441dc817202
www.japscat.org,AVAILABILITY,origin.list,origin.list,2022-04-03 05:19:23.568221,7ac7cdde93788441dc817202
www.lemonparty.org,AVAILABILITY,origin.list,origin.list,2022-04-03 05:19:24.844286,7ac7cdde93788441dc817202
www.lolshock.com,AVAILABILITY,origin.list,origin.list,2022-04-03 05:19:27.695329,7ac7cdde93788441dc817202
www.lolhello.com,AVAILABILITY,origin.list,origin.list,2022-04-03 05:19:28.687171,7ac7cdde93788441dc817202
www.howtotroll.org,AVAILABILITY,origin.list,origin.list,2022-04-03 05:19:29.347305,7ac7cdde93788441dc817202
www.loltrain.com,AVAILABILITY,origin.list,origin.list,2022-04-03 05:19:29.556122,7ac7cdde93788441dc817202
www.meatspin.biz,AVAILABILITY,origin.list,origin.list,2022-04-03 05:19:31.068250,7ac7cdde93788441dc817202
www.meatspin.com,AVAILABILITY,origin.list,origin.list,2022-04-03 05:19:32.104378,7ac7cdde93788441dc817202
www.milkfountain.com,AVAILABILITY,origin.list,origin.list,2022-04-03 05:19:32.976997,7ac7cdde93788441dc817202
www.merryholidays.org,AVAILABILITY,origin.list,origin.list,2022-04-03 05:19:33.745132,7ac7cdde93788441dc817202
www.mudfall.com,AVAILABILITY,origin.list,origin.list,2022-04-03 05:19:35.882810,7ac7cdde93788441dc817202
www.mudmonster.org,AVAILABILITY,origin.list,origin.list,2022-04-03 05:19:36.647045,7ac7cdde93788441dc817202
www.nimp.org,AVAILABILITY,origin.list,origin.list,2022-04-03 05:19:36.657260,7ac7cdde93788441dc817202
www.nobrain.dk,AVAILABILITY,origin.list,origin.list,2022-04-03 05:19:37.142880,7ac7cdde93788441dc817202
www.nutabuse.com,AVAILABILITY,origin.list,origin.list,2022-04-03 05:19:38.002983,7ac7cdde93788441dc817202
www.octopusgirl.com,AVAILABILITY,origin.list,origin.list,2022-04-03 05:19:38.373188,7ac7cdde93788441dc817202
www.painolympics.org,AVAILABILITY,origin.list,origin.list,2022-04-03 05:19:39.593310,7ac7cdde93788441dc817202
www.on.nimp.org,AVAILABILITY,origin.list,origin.list,2022-04-03 05:19:40.399619,7ac7cdde93788441dc817202
www.painolympics.info,AVAILABILITY,origin.list,origin.list,2022-04-03 05:19:40.482200,7ac7cdde93788441dc817202
www.pressurespot.com,AVAILABILITY,origin.list,origin.list,2022-04-03 05:19:40.798625,7ac7cdde93788441dc817202
www.phonejapan.com,AVAILABILITY,origin.list,origin.list,2022-04-03 05:19:40.988497,7ac7cdde93788441dc817202
www.scrollbelow.com,AVAILABILITY,origin.list,origin.list,2022-04-03 05:19:44.212865,7ac7cdde93788441dc817202
www.prolapseman.com,AVAILABILITY,origin.list,origin.list,2022-04-03 05:19:44.443425,7ac7cdde93788441dc817202
www.punishtube.com,AVAILABILITY,origin.list,origin.list,2022-04-03 05:19:45.008917,7ac7cdde93788441dc817202
www.sourmath.com,AVAILABILITY,origin.list,origin.list,2022-04-03 05:19:45.392454,7ac7cdde93788441dc817202
www.selfpwn.org,AVAILABILITY,origin.list,origin.list,2022-04-03 05:19:45.821381,7ac7cdde93788441dc817202
www.strawpoii.me,AVAILABILITY,origin.list,origin.list,2022-04-03 05:19:47.257000,7ac7cdde93788441dc817202
www.suckdude.com,AVAILABILITY,origin.list,origin.list,2022-04-03 05:19:49.084633,7ac7cdde93788441dc817202
www.thatsjustgay.com,AVAILABILITY,origin.list,origin.list,2022-04-03 05:19:49.489555,7ac7cdde93788441dc817202
www.theexgirlfriends.com,AVAILABILITY,origin.list,origin.list,2022-04-03 05:19:51.073624,7ac7cdde93788441dc817202
www.thehomo.org,AVAILABILITY,origin.list,origin.list,2022-04-03 05:19:51.906217,7ac7cdde93788441dc817202
www.themacuser.org,AVAILABILITY,origin.list,origin.list,2022-04-03 05:19:53.531637,7ac7cdde93788441dc817202
www.thepounder.com,AVAILABILITY,origin.list,origin.list,2022-04-03 05:19:54.619350,7ac7cdde93788441dc817202
www.tubgirl.me,AVAILABILITY,origin.list,origin.list,2022-04-03 05:19:57.150211,7ac7cdde93788441dc817202
www.tubgirl.org,AVAILABILITY,origin.list,origin.list,2022-04-03 05:19:58.296212,7ac7cdde93788441dc817202
www.turdgasm.com,AVAILABILITY,origin.list,origin.list,2022-04-03 05:19:58.349309,7ac7cdde93788441dc817202
www.vomitgirl.org,AVAILABILITY,origin.list,origin.list,2022-04-03 05:19:59.539045,7ac7cdde93788441dc817202
www.walkthedinosaur.com,AVAILABILITY,origin.list,origin.list,2022-04-03 05:20:00.867025,7ac7cdde93788441dc817202
www.wormgush.com,AVAILABILITY,origin.list,origin.list,2022-04-03 05:20:02.277546,7ac7cdde93788441dc817202
www.whipcrack.org,AVAILABILITY,origin.list,origin.list,2022-04-03 05:20:03.319292,7ac7cdde93788441dc817202
www.xvideoslive.com,AVAILABILITY,origin.list,origin.list,2022-04-03 05:20:04.057185,7ac7cdde93788441dc817202
www.youaresogay.com,AVAILABILITY,origin.list,origin.list,2022-04-03 05:20:07.932266,7ac7cdde93788441dc817202
www.ypmate.com,AVAILABILITY,origin.list,origin.list,2022-04-03 05:20:08.143697,7ac7cdde93788441dc817202
www.zentastic.com,AVAILABILITY,origin.list,origin.list,2022-04-03 05:20:09.262365,7ac7cdde93788441dc817202
www.thatsphucked.com,AVAILABILITY,origin.list,origin.list,2022-04-03 05:20:09.712618,7ac7cdde93788441dc817202
youaresogay.com,AVAILABILITY,origin.list,origin.list,2022-04-03 05:20:10.875219,7ac7cdde93788441dc817202
ads234.com,AVAILABILITY,origin.list,origin.list,2022-04-03 05:20:10.875976,7ac7cdde93788441dc817202
zentastic.com,AVAILABILITY,origin.list,origin.list,2022-04-03 05:20:12.379207,7ac7cdde93788441dc817202
www.ads234.com,AVAILABILITY,origin.list,origin.list,2022-04-03 05:20:13.199052,7ac7cdde93788441dc817202
ads345.com,AVAILABILITY,origin.list,origin.list,2022-04-03 05:20:13.417029,7ac7cdde93788441dc817202
media.fastclick.net,AVAILABILITY,origin.list,origin.list,2022-04-03 05:20:14.583052,7ac7cdde93788441dc817202
www.ads345.com,AVAILABILITY,origin.list,origin.list,2022-04-03 05:20:15.857701,7ac7cdde93788441dc817202
cdn.fastclick.net,AVAILABILITY,origin.list,origin.list,2022-04-03 05:20:16.592519,7ac7cdde93788441dc817202
0stats.com,AVAILABILITY,origin.list,origin.list,2022-04-03 05:20:17.533015,7ac7cdde93788441dc817202
006.free-counter.co.uk,AVAILABILITY,origin.list,origin.list,2022-04-03 05:20:18.153503,7ac7cdde93788441dc817202
006.freecounters.co.uk,AVAILABILITY,origin.list,origin.list,2022-04-03 05:20:18.910532,7ac7cdde93788441dc817202
123counter.superstats.com,AVAILABILITY,origin.list,origin.list,2022-04-03 05:20:19.719433,7ac7cdde93788441dc817202
123counter.mycomputer.com,AVAILABILITY,origin.list,origin.list,2022-04-03 05:20:21.520685,7ac7cdde93788441dc817202
1us.cqcounter.com,AVAILABILITY,origin.list,origin.list,2022-04-03 05:20:23.581330,7ac7cdde93788441dc817202
4-counter.com,AVAILABILITY,origin.list,origin.list,2022-04-03 05:20:29.028546,7ac7cdde93788441dc817202
20585485p.rfihub.com,AVAILABILITY,origin.list,origin.list,2022-04-03 05:20:34.098310,7ac7cdde93788441dc817202
1uk.cqcounter.com,AVAILABILITY,origin.list,origin.list,2022-04-03 05:20:34.286348,7ac7cdde93788441dc817202
1ca.cqcounter.com,AVAILABILITY,origin.list,origin.list,2022-04-03 05:20:34.409894,7ac7cdde93788441dc817202
1xxx.cqcounter.com,AVAILABILITY,origin.list,origin.list,2022-04-03 05:20:34.497446,7ac7cdde93788441dc817202
a-nj.1rx.io,AVAILABILITY,origin.list,origin.list,2022-04-03 05:20:34.843759,7ac7cdde93788441dc817202
a-ssl.ligatus.com,AVAILABILITY,origin.list,origin.list,2022-04-03 05:20:38.585191,7ac7cdde93788441dc817202
aboardamusement.com,AVAILABILITY,origin.list,origin.list,2022-04-03 05:20:39.117338,7ac7cdde93788441dc817202
abclnks.com,AVAILABILITY,origin.list,origin.list,2022-04-03 05:20:39.516392,7ac7cdde93788441dc817202
adadvisor.net,AVAILABILITY,origin.list,origin.list,2022-04-03 05:20:43.229380,7ac7cdde93788441dc817202
activity.serving-sys.com,AVAILABILITY,origin.list,origin.list,2022-04-03 05:20:44.392287,7ac7cdde93788441dc817202
adapi.ragapa.com,AVAILABILITY,origin.list,origin.list,2022-04-03 05:20:45.086662,7ac7cdde93788441dc817202
adcounter.theglobeandmail.com,AVAILABILITY,origin.list,origin.list,2022-04-03 05:20:46.730649,7ac7cdde93788441dc817202
a.visualrevenue.com,AVAILABILITY,origin.list,origin.list,2022-04-03 05:20:48.016389,7ac7cdde93788441dc817202
abscbn.spinbox.net,AVAILABILITY,origin.list,origin.list,2022-04-03 05:20:49.129195,7ac7cdde93788441dc817202
addfreestats.com,AVAILABILITY,origin.list,origin.list,2022-04-03 05:20:50.320021,7ac7cdde93788441dc817202
ademails.com,AVAILABILITY,origin.list,origin.list,2022-04-03 05:20:51.667873,7ac7cdde93788441dc817202
adlog.com.com,AVAILABILITY,origin.list,origin.list,2022-04-03 05:20:53.184310,7ac7cdde93788441dc817202
admin.iovation.com,AVAILABILITY,origin.list,origin.list,2022-04-03 05:20:53.620902,7ac7cdde93788441dc817202
adpatrof.com,AVAILABILITY,origin.list,origin.list,2022-04-03 05:20:56.605552,7ac7cdde93788441dc817202
adtrack.appcpi.net,AVAILABILITY,origin.list,origin.list,2022-04-03 05:20:59.146904,7ac7cdde93788441dc817202
adult.foxcounter.com,AVAILABILITY,origin.list,origin.list,2022-04-03 05:21:01.711409,7ac7cdde93788441dc817202
alpha.easy-hit-counters.com,AVAILABILITY,origin.list,origin.list,2022-04-03 05:21:03.386820,7ac7cdde93788441dc817202
adopt.specificclick.net,AVAILABILITY,origin.list,origin.list,2022-04-03 05:21:04.059795,7ac7cdde93788441dc817202
amateur.xxxcounter.com,AVAILABILITY,origin.list,origin.list,2022-04-03 05:21:04.409157,7ac7cdde93788441dc817202
ads.tiscali.it,AVAILABILITY,origin.list,origin.list,2022-04-03 05:21:05.859597,7ac7cdde93788441dc817202
affpool.com,AVAILABILITY,origin.list,origin.list,2022-04-03 05:21:06.963181,7ac7cdde93788441dc817202
analytics-ingress-global.bitmovin.com,AVAILABILITY,origin.list,origin.list,2022-04-03 05:21:07.703134,7ac7cdde93788441dc817202
an.mlb.com,AVAILABILITY,origin.list,origin.list,2022-04-03 05:21:10.151160,7ac7cdde93788441dc817202
amer.rel.msn.com,AVAILABILITY,origin.list,origin.list,2022-04-03 05:21:11.038716,7ac7cdde93788441dc817202
analytics-static.ugc.bazaarvoice.com,AVAILABILITY,origin.list,origin.list,2022-04-03 05:21:13.415992,7ac7cdde93788441dc817202
analytics.global.sky.com,AVAILABILITY,origin.list,origin.list,2022-04-03 05:21:13.546232,7ac7cdde93788441dc817202
analytics.ooyala.com,AVAILABILITY,origin.list,origin.list,2022-04-03 05:21:27.830807,7ac7cdde93788441dc817202
analytics.publitas.com,AVAILABILITY,origin.list,origin.list,2022-04-03 05:21:27.939408,7ac7cdde93788441dc817202
analytics.msnbc.msn.com,AVAILABILITY,origin.list,origin.list,2022-04-03 05:21:28.030189,7ac7cdde93788441dc817202
analytics.sleeknote.com,AVAILABILITY,origin.list,origin.list,2022-04-03 05:21:28.105456,7ac7cdde93788441dc817202
analytics.prx.org,AVAILABILITY,origin.list,origin.list,2022-04-03 05:21:29.097475,7ac7cdde93788441dc817202
apac.rel.msn.com,AVAILABILITY,origin.list,origin.list,2022-04-03 05:21:32.861738,7ac7cdde93788441dc817202
api.adsymptotic.com,AVAILABILITY,origin.list,origin.list,2022-04-03 05:21:34.710987,7ac7cdde93788441dc817202
anonymousdemographics.com,AVAILABILITY,origin.list,origin.list,2022-04-03 05:21:35.776286,7ac7cdde93788441dc817202
api.gameanalytics.com,AVAILABILITY,origin.list,origin.list,2022-04-03 05:21:36.412562,7ac7cdde93788441dc817202
analytics.tiktok.com,AVAILABILITY,origin.list,origin.list,2022-04-03 05:21:36.507598,7ac7cdde93788441dc817202
api.infinario.com,AVAILABILITY,origin.list,origin.list,2022-04-03 05:21:39.182764,7ac7cdde93788441dc817202
api.intentiq.com,AVAILABILITY,origin.list,origin.list,2022-04-03 05:21:43.234656,7ac7cdde93788441dc817202
api.tumra.com,AVAILABILITY,origin.list,origin.list,2022-04-03 05:21:43.304594,7ac7cdde93788441dc817202
api.redshell.io,AVAILABILITY,origin.list,origin.list,2022-04-03 05:21:45.041798,7ac7cdde93788441dc817202
api.simpleanalytics.io,AVAILABILITY,origin.list,origin.list,2022-04-03 05:21:45.130969,7ac7cdde93788441dc817202
apiadapter.ad5track.com,AVAILABILITY,origin.list,origin.list,2022-04-03 05:21:45.785875,7ac7cdde93788441dc817202
app-analytics-v2.snapchat.com,AVAILABILITY,origin.list,origin.list,2022-04-03 05:21:52.603253,7ac7cdde93788441dc817202
apis.murdoog.com,AVAILABILITY,origin.list,origin.list,2022-04-03 05:21:54.738418,7ac7cdde93788441dc817202
arbo.hit.gemius.pl,AVAILABILITY,origin.list,origin.list,2022-04-03 05:21:55.293107,7ac7cdde93788441dc817202
app.yesware.com,AVAILABILITY,origin.list,origin.list,2022-04-03 05:21:56.090445,7ac7cdde93788441dc817202
app-analytics.snapchat.com,AVAILABILITY,origin.list,origin.list,2022-04-03 05:21:57.285202,7ac7cdde93788441dc817202
auspice.augur.io,AVAILABILITY,origin.list,origin.list,2022-04-03 05:22:01.497131,7ac7cdde93788441dc817202
aus-mec-tracking.adalyser.com,AVAILABILITY,origin.list,origin.list,2022-04-03 05:22:02.013760,7ac7cdde93788441dc817202
bam.nr-data.net,AVAILABILITY,origin.list,origin.list,2022-04-03 05:22:04.293328,7ac7cdde93788441dc817202
aus-smv-tracking.adalyser.com,AVAILABILITY,origin.list,origin.list,2022-04-03 05:22:04.373607,7ac7cdde93788441dc817202
banners.webcounter.com,AVAILABILITY,origin.list,origin.list,2022-04-03 05:22:09.453210,7ac7cdde93788441dc817202
beacon-1.newrelic.com,AVAILABILITY,origin.list,origin.list,2022-04-03 05:22:11.502612,7ac7cdde93788441dc817202
beacon.scorecardresearch.com,AVAILABILITY,origin.list,origin.list,2022-04-03 05:22:12.973164,7ac7cdde93788441dc817202
beacon.krxd.net,AVAILABILITY,origin.list,origin.list,2022-04-03 05:22:13.197962,7ac7cdde93788441dc817202
b.stats.paypal.com,AVAILABILITY,origin.list,origin.list,2022-04-03 05:22:17.007293,7ac7cdde93788441dc817202
belierlaine.com,AVAILABILITY,origin.list,origin.list,2022-04-03 05:22:17.465008,7ac7cdde93788441dc817202
benchemail.bmetrack.com,AVAILABILITY,origin.list,origin.list,2022-04-03 05:22:18.142294,7ac7cdde93788441dc817202
beta.easyhitcounters.com,AVAILABILITY,origin.list,origin.list,2022-04-03 05:22:20.997640,7ac7cdde93788441dc817202
beta.easy-hit-counters.com,AVAILABILITY,origin.list,origin.list,2022-04-03 05:22:21.022460,7ac7cdde93788441dc817202
bigdata.adfuture.cn,AVAILABILITY,origin.list,origin.list,2022-04-03 05:22:26.088309,7ac7cdde93788441dc817202
bigdata.adsunflower.com,AVAILABILITY,origin.list,origin.list,2022-04-03 05:22:26.187216,7ac7cdde93788441dc817202
bigdata.adups.com,AVAILABILITY,origin.list,origin.list,2022-04-03 05:22:26.192152,7ac7cdde93788441dc817202
bigdata.advmob.cn,AVAILABILITY,origin.list,origin.list,2022-04-03 05:22:27.431532,7ac7cdde93788441dc817202
bindedge.com,AVAILABILITY,origin.list,origin.list,2022-04-03 05:22:28.839546,7ac7cdde93788441dc817202
bindfast.com,AVAILABILITY,origin.list,origin.list,2022-04-03 05:22:29.944785,7ac7cdde93788441dc817202
bluekai.com,AVAILABILITY,origin.list,origin.list,2022-04-03 05:22:33.419116,7ac7cdde93788441dc817202
bkrtx.com,AVAILABILITY,origin.list,origin.list,2022-04-03 05:22:34.148667,7ac7cdde93788441dc817202
bluestreak.com,AVAILABILITY,origin.list,origin.list,2022-04-03 05:22:37.316600,7ac7cdde93788441dc817202
brightroll.com,AVAILABILITY,origin.list,origin.list,2022-04-03 05:22:37.829445,7ac7cdde93788441dc817202
brucelead.com,AVAILABILITY,origin.list,origin.list,2022-04-03 05:22:38.713487,7ac7cdde93788441dc817202
c.go-mpulse.net,AVAILABILITY,origin.list,origin.list,2022-04-03 05:22:38.751783,7ac7cdde93788441dc817202
c.statcounter.com,AVAILABILITY,origin.list,origin.list,2022-04-03 05:22:42.874119,7ac7cdde93788441dc817202
bleachbit.com,AVAILABILITY,origin.list,origin.list,2022-04-03 05:22:43.756844,7ac7cdde93788441dc817202
c0.adalyser.com,AVAILABILITY,origin.list,origin.list,2022-04-03 05:22:49.404978,7ac7cdde93788441dc817202
c.thecounter.de,AVAILABILITY,origin.list,origin.list,2022-04-03 05:22:49.463312,7ac7cdde93788441dc817202
c1.statcounter.com,AVAILABILITY,origin.list,origin.list,2022-04-03 05:22:49.955077,7ac7cdde93788441dc817202
c1.thecounter.de,AVAILABILITY,origin.list,origin.list,2022-04-03 05:22:55.619858,7ac7cdde93788441dc817202
c10.statcounter.com,AVAILABILITY,origin.list,origin.list,2022-04-03 05:22:58.753482,7ac7cdde93788441dc817202
c11.statcounter.com,AVAILABILITY,origin.list,origin.list,2022-04-03 05:22:59.499741,7ac7cdde93788441dc817202
c12.statcounter.com,AVAILABILITY,origin.list,origin.list,2022-04-03 05:23:02.200619,7ac7cdde93788441dc817202
c1.xxxcounter.com,AVAILABILITY,origin.list,origin.list,2022-04-03 05:23:04.626987,7ac7cdde93788441dc817202
c13.statcounter.com,AVAILABILITY,origin.list,origin.list,2022-04-03 05:23:04.729636,7ac7cdde93788441dc817202
c14.statcounter.com,AVAILABILITY,origin.list,origin.list,2022-04-03 05:23:06.243961,7ac7cdde93788441dc817202
c15.statcounter.com,AVAILABILITY,origin.list,origin.list,2022-04-03 05:23:08.596477,7ac7cdde93788441dc817202
c16.statcounter.com,AVAILABILITY,origin.list,origin.list,2022-04-03 05:23:11.688262,7ac7cdde93788441dc817202
c2.gostats.com,AVAILABILITY,origin.list,origin.list,2022-04-03 05:23:15.426837,7ac7cdde93788441dc817202
c17.statcounter.com,AVAILABILITY,origin.list,origin.list,2022-04-03 05:23:17.663365,7ac7cdde93788441dc817202
c2.thecounter.de,AVAILABILITY,origin.list,origin.list,2022-04-03 05:23:19.885957,7ac7cdde93788441dc817202
c3.adalyser.com,AVAILABILITY,origin.list,origin.list,2022-04-03 05:23:23.773711,7ac7cdde93788441dc817202
c3.gostats.com,AVAILABILITY,origin.list,origin.list,2022-04-03 05:23:24.389014,7ac7cdde93788441dc817202
c3.statcounter.com,AVAILABILITY,origin.list,origin.list,2022-04-03 05:23:26.998888,7ac7cdde93788441dc817202
c2.xxxcounter.com,AVAILABILITY,origin.list,origin.list,2022-04-03 05:23:28.687052,7ac7cdde93788441dc817202
c4.statcounter.com,AVAILABILITY,origin.list,origin.list,2022-04-03 05:23:35.851938,7ac7cdde93788441dc817202
c5.statcounter.com,AVAILABILITY,origin.list,origin.list,2022-04-03 05:23:38.408855,7ac7cdde93788441dc817202
c6.statcounter.com,AVAILABILITY,origin.list,origin.list,2022-04-03 05:23:39.216724,7ac7cdde93788441dc817202
c3.xxxcounter.com,AVAILABILITY,origin.list,origin.list,2022-04-03 05:23:39.762532,7ac7cdde93788441dc817202
c7.statcounter.com,AVAILABILITY,origin.list,origin.list,2022-04-03 05:23:43.129252,7ac7cdde93788441dc817202
c8.statcounter.com,AVAILABILITY,origin.list,origin.list,2022-04-03 05:23:43.697065,7ac7cdde93788441dc817202
c4.myway.com,AVAILABILITY,origin.list,origin.list,2022-04-03 05:23:45.734757,7ac7cdde93788441dc817202
ca.cqcounter.com,AVAILABILITY,origin.list,origin.list,2022-04-03 05:23:49.111288,7ac7cdde93788441dc817202
c9.statcounter.com,AVAILABILITY,origin.list,origin.list,2022-04-03 05:23:51.312724,7ac7cdde93788441dc817202
cdn-gl.imrworldwide.com,AVAILABILITY,origin.list,origin.list,2022-04-03 05:23:57.889023,7ac7cdde93788441dc817202
ccleaner.fr,AVAILABILITY,origin.list,origin.list,2022-04-03 05:23:58.504686,7ac7cdde93788441dc817202
cashcounter.com,AVAILABILITY,origin.list,origin.list,2022-04-03 05:23:59.322742,7ac7cdde93788441dc817202
cdn-social.janrain.com,AVAILABILITY,origin.list,origin.list,2022-04-03 05:24:01.904787,7ac7cdde93788441dc817202
cb1.counterbot.com,AVAILABILITY,origin.list,origin.list,2022-04-03 05:24:03.536993,7ac7cdde93788441dc817202
cdn.doublepimpssl.com,AVAILABILITY,origin.list,origin.list,2022-04-03 05:24:07.969807,7ac7cdde93788441dc817202
cdn.decibelinsight.net,AVAILABILITY,origin.list,origin.list,2022-04-03 05:24:08.017163,7ac7cdde93788441dc817202
cdn.simpleanalytics.io,AVAILABILITY,origin.list,origin.list,2022-04-03 05:24:09.621331,7ac7cdde93788441dc817202
cdn.zarget.com,AVAILABILITY,origin.list,origin.list,2022-04-03 05:24:13.070151,7ac7cdde93788441dc817202
cdn.taboolasyndication.com,AVAILABILITY,origin.list,origin.list,2022-04-03 05:24:15.803873,7ac7cdde93788441dc817202
cgi.sexlist.com,AVAILABILITY,origin.list,origin.list,2022-04-03 05:24:18.594013,7ac7cdde93788441dc817202
cf.addthis.com,AVAILABILITY,origin.list,origin.list,2022-04-03 05:24:21.113238,7ac7cdde93788441dc817202
ci-admin.iovation.com,AVAILABILITY,origin.list,origin.list,2022-04-03 05:24:26.559585,7ac7cdde93788441dc817202
cgicounter.onlinehome.de,AVAILABILITY,origin.list,origin.list,2022-04-03 05:24:28.428047,7ac7cdde93788441dc817202
cig-arrete.com,AVAILABILITY,origin.list,origin.list,2022-04-03 05:24:29.172121,7ac7cdde93788441dc817202
citrix.tradedoubler.com,AVAILABILITY,origin.list,origin.list,2022-04-03 05:24:31.400828,7ac7cdde93788441dc817202
cjt1.net,AVAILABILITY,origin.list,origin.list,2022-04-03 05:24:35.418765,7ac7cdde93788441dc817202
cgicounter.puretec.de,AVAILABILITY,origin.list,origin.list,2022-04-03 05:24:36.546264,7ac7cdde93788441dc817202
click.atdmt.com,AVAILABILITY,origin.list,origin.list,2022-04-03 05:24:40.685439,7ac7cdde93788441dc817202
clckcloud.com,AVAILABILITY,origin.list,origin.list,2022-04-03 05:24:41.366634,7ac7cdde93788441dc817202
click.icptrack.com,AVAILABILITY,origin.list,origin.list,2022-04-03 05:24:41.491467,7ac7cdde93788441dc817202
click.payserve.com,AVAILABILITY,origin.list,origin.list,2022-04-03 05:24:43.774935,7ac7cdde93788441dc817202
click.jve.net,AVAILABILITY,origin.list,origin.list,2022-04-03 05:24:50.743872,7ac7cdde93788441dc817202
clickmeter.com,AVAILABILITY,origin.list,origin.list,2022-04-03 05:24:51.055564,7ac7cdde93788441dc817202
clickauditor.net,AVAILABILITY,origin.list,origin.list,2022-04-03 05:24:52.122746,7ac7cdde93788441dc817202
click.silvercash.com,AVAILABILITY,origin.list,origin.list,2022-04-03 05:24:52.573941,7ac7cdde93788441dc817202
clicks.m4n.nl,AVAILABILITY,origin.list,origin.list,2022-04-03 05:24:58.322595,7ac7cdde93788441dc817202
clickstatsview.earnmoneycasinos.com,AVAILABILITY,origin.list,origin.list,2022-04-03 05:25:07.640477,7ac7cdde93788441dc817202
clickspring.net,AVAILABILITY,origin.list,origin.list,2022-04-03 05:25:07.703894,7ac7cdde93788441dc817202
clicktrack.onlineemailmarketing.com,AVAILABILITY,origin.list,origin.list,2022-04-03 05:25:13.798945,7ac7cdde93788441dc817202
clicks.rbs.co.uk,AVAILABILITY,origin.list,origin.list,2022-04-03 05:25:13.962108,7ac7cdde93788441dc817202
clicks.natwest.com,AVAILABILITY,origin.list,origin.list,2022-04-03 05:25:14.707341,7ac7cdde93788441dc817202
clicktracker.alloymarketing.com,AVAILABILITY,origin.list,origin.list,2022-04-03 05:25:19.979128,7ac7cdde93788441dc817202
clicktrack.premium-shops.net,AVAILABILITY,origin.list,origin.list,2022-04-03 05:25:22.854345,7ac7cdde93788441dc817202
clicktracks.webmetro.com,AVAILABILITY,origin.list,origin.list,2022-04-03 05:25:28.164141,7ac7cdde93788441dc817202
clit13.sextracker.com,AVAILABILITY,origin.list,origin.list,2022-04-03 05:25:38.055483,7ac7cdde93788441dc817202
clit10.sextracker.com,AVAILABILITY,origin.list,origin.list,2022-04-03 05:25:39.328968,7ac7cdde93788441dc817202
clit15.sextracker.com,AVAILABILITY,origin.list,origin.list,2022-04-03 05:25:44.744632,7ac7cdde93788441dc817202
clit2.sextracker.com,AVAILABILITY,origin.list,origin.list,2022-04-03 05:25:47.843356,7ac7cdde93788441dc817202
clit4.sextracker.com,AVAILABILITY,origin.list,origin.list,2022-04-03 05:25:50.479819,7ac7cdde93788441dc817202
clit6.sextracker.com,AVAILABILITY,origin.list,origin.list,2022-04-03 05:26:03.017450,7ac7cdde93788441dc817202
clit7.sextracker.com,AVAILABILITY,origin.list,origin.list,2022-04-03 05:26:04.469551,7ac7cdde93788441dc817202
clit8.sextracker.com,AVAILABILITY,origin.list,origin.list,2022-04-03 05:26:08.055237,7ac7cdde93788441dc817202
clk.aboxdeal.com,AVAILABILITY,origin.list,origin.list,2022-04-03 05:26:09.072359,7ac7cdde93788441dc817202
clit9.sextracker.com,AVAILABILITY,origin.list,origin.list,2022-04-03 05:26:10.821320,7ac7cdde93788441dc817202
clk.relestar.com,AVAILABILITY,origin.list,origin.list,2022-04-03 05:26:18.214684,7ac7cdde93788441dc817202
cnn.entertainment.printthis.clickability.com,AVAILABILITY,origin.list,origin.list,2022-04-03 05:26:18.834640,7ac7cdde93788441dc817202
code.murdoog.com,AVAILABILITY,origin.list,origin.list,2022-04-03 05:26:21.235809,7ac7cdde93788441dc817202
cnt.xcounter.com,AVAILABILITY,origin.list,origin.list,2022-04-03 05:26:24.254795,7ac7cdde93788441dc817202
collector.deepmetrix.com,AVAILABILITY,origin.list,origin.list,2022-04-03 05:26:31.213995,7ac7cdde93788441dc817202
connexity.net,AVAILABILITY,origin.list,origin.list,2022-04-03 05:26:31.767889,7ac7cdde93788441dc817202
convertro.com,AVAILABILITY,origin.list,origin.list,2022-04-03 05:26:33.818086,7ac7cdde93788441dc817202
convnjmp.basebanner.com,AVAILABILITY,origin.list,origin.list,2022-04-03 05:26:38.568132,7ac7cdde93788441dc817202
connectionlead.com,AVAILABILITY,origin.list,origin.list,2022-04-03 05:26:39.090167,7ac7cdde93788441dc817202
cookies.cmpnet.com,AVAILABILITY,origin.list,origin.list,2022-04-03 05:26:45.817626,7ac7cdde93788441dc817202
count.paycounter.com,AVAILABILITY,origin.list,origin.list,2022-04-03 05:26:45.920010,7ac7cdde93788441dc817202
counter.advancewebhosting.com,AVAILABILITY,origin.list,origin.list,2022-04-03 05:26:54.136158,7ac7cdde93788441dc817202
count.channeladvisor.com,AVAILABILITY,origin.list,origin.list,2022-04-03 05:26:55.706821,7ac7cdde93788441dc817202
counter.avp2000.com,AVAILABILITY,origin.list,origin.list,2022-04-03 05:26:56.143470,7ac7cdde93788441dc817202
counter.adultrevenueservice.com,AVAILABILITY,origin.list,origin.list,2022-04-03 05:26:56.269821,7ac7cdde93788441dc817202
counter.bizland.com,AVAILABILITY,origin.list,origin.list,2022-04-03 05:27:03.456769,7ac7cdde93788441dc817202
counter.aport.ru,AVAILABILITY,origin.list,origin.list,2022-04-03 05:27:08.829737,7ac7cdde93788441dc817202
counter.clubnet.ro,AVAILABILITY,origin.list,origin.list,2022-04-03 05:27:11.557823,7ac7cdde93788441dc817202
counter.dreamhost.com,AVAILABILITY,origin.list,origin.list,2022-04-03 05:27:17.469175,7ac7cdde93788441dc817202
counter.bloke.com,AVAILABILITY,origin.list,origin.list,2022-04-03 05:27:20.499335,7ac7cdde93788441dc817202
counter.cnw.cz,AVAILABILITY,origin.list,origin.list,2022-04-03 05:27:21.845258,7ac7cdde93788441dc817202
counter.gamespy.com,AVAILABILITY,origin.list,origin.list,2022-04-03 05:27:29.286481,7ac7cdde93788441dc817202
counter.cz,AVAILABILITY,origin.list,origin.list,2022-04-03 05:27:32.041323,7ac7cdde93788441dc817202
counter.execpc.com,AVAILABILITY,origin.list,origin.list,2022-04-03 05:27:32.442892,7ac7cdde93788441dc817202
counter.hitslink.com,AVAILABILITY,origin.list,origin.list,2022-04-03 05:27:35.989411,7ac7cdde93788441dc817202
counter.inetusa.com,AVAILABILITY,origin.list,origin.list,2022-04-03 05:27:36.068974,7ac7cdde93788441dc817202
counter.mtree.com,AVAILABILITY,origin.list,origin.list,2022-04-03 05:27:42.363844,7ac7cdde93788441dc817202
counter.kaspersky.com,AVAILABILITY,origin.list,origin.list,2022-04-03 05:27:44.257694,7ac7cdde93788441dc817202
counter.letssingit.com,AVAILABILITY,origin.list,origin.list,2022-04-03 05:27:45.223247,7ac7cdde93788441dc817202
counter.mycomputer.com,AVAILABILITY,origin.list,origin.list,2022-04-03 05:27:46.759713,7ac7cdde93788441dc817202
counter.nope.dk,AVAILABILITY,origin.list,origin.list,2022-04-03 05:27:49.382110,7ac7cdde93788441dc817202
counter.sparklit.com,AVAILABILITY,origin.list,origin.list,2022-04-03 05:27:54.434698,7ac7cdde93788441dc817202
counter.nowlinux.com,AVAILABILITY,origin.list,origin.list,2022-04-03 05:27:54.723390,7ac7cdde93788441dc817202
counter.search.bg,AVAILABILITY,origin.list,origin.list,2022-04-03 05:27:58.224983,7ac7cdde93788441dc817202
counter.rambler.ru,AVAILABILITY,origin.list,origin.list,2022-04-03 05:28:00.138743,7ac7cdde93788441dc817202
counter.superstats.com,AVAILABILITY,origin.list,origin.list,2022-04-03 05:28:03.342856,7ac7cdde93788441dc817202
counter.surfcounters.com,AVAILABILITY,origin.list,origin.list,2022-04-03 05:28:08.196998,7ac7cdde93788441dc817202
counter.w3open.com,AVAILABILITY,origin.list,origin.list,2022-04-03 05:28:11.628059,7ac7cdde93788441dc817202
counter.tripod.com,AVAILABILITY,origin.list,origin.list,2022-04-03 05:28:14.456192,7ac7cdde93788441dc817202
counter.topping.com.ua,AVAILABILITY,origin.list,origin.list,2022-04-03 05:28:14.928315,7ac7cdde93788441dc817202
counter.webmedia.pl,AVAILABILITY,origin.list,origin.list,2022-04-03 05:28:15.291683,7ac7cdde93788441dc817202
counter.xxxcool.com,AVAILABILITY,origin.list,origin.list,2022-04-03 05:28:21.226535,7ac7cdde93788441dc817202
counter1.sextracker.com,AVAILABILITY,origin.list,origin.list,2022-04-03 05:28:23.735761,7ac7cdde93788441dc817202
counter.yadro.ru,AVAILABILITY,origin.list,origin.list,2022-04-03 05:28:24.860931,7ac7cdde93788441dc817202
counter1.sextracker.be,AVAILABILITY,origin.list,origin.list,2022-04-03 05:28:26.239219,7ac7cdde93788441dc817202
counter1.bravenet.com,AVAILABILITY,origin.list,origin.list,2022-04-03 05:28:26.280892,7ac7cdde93788441dc817202
counter10.bravenet.com,AVAILABILITY,origin.list,origin.list,2022-04-03 05:28:30.243400,7ac7cdde93788441dc817202
counter10.sextracker.com,AVAILABILITY,origin.list,origin.list,2022-04-03 05:28:36.149179,7ac7cdde93788441dc817202
counter10.sextracker.be,AVAILABILITY,origin.list,origin.list,2022-04-03 05:28:36.810620,7ac7cdde93788441dc817202
counter11.bravenet.com,AVAILABILITY,origin.list,origin.list,2022-04-03 05:28:36.894264,7ac7cdde93788441dc817202
counter11.sextracker.be,AVAILABILITY,origin.list,origin.list,2022-04-03 05:28:39.273847,7ac7cdde93788441dc817202
counter11.sextracker.com,AVAILABILITY,origin.list,origin.list,2022-04-03 05:28:41.547871,7ac7cdde93788441dc817202
counter12.sextracker.com,AVAILABILITY,origin.list,origin.list,2022-04-03 05:28:46.997508,7ac7cdde93788441dc817202
counter12.bravenet.com,AVAILABILITY,origin.list,origin.list,2022-04-03 05:28:49.049521,7ac7cdde93788441dc817202
counter12.sextracker.be,AVAILABILITY,origin.list,origin.list,2022-04-03 05:28:50.139911,7ac7cdde93788441dc817202
counter13.bravenet.com,AVAILABILITY,origin.list,origin.list,2022-04-03 05:28:51.433426,7ac7cdde93788441dc817202
counter13.sextracker.be,AVAILABILITY,origin.list,origin.list,2022-04-03 05:28:56.555453,7ac7cdde93788441dc817202
counter14.sextracker.be,AVAILABILITY,origin.list,origin.list,2022-04-03 05:28:59.481494,7ac7cdde93788441dc817202
counter13.sextracker.com,AVAILABILITY,origin.list,origin.list,2022-04-03 05:29:03.384312,7ac7cdde93788441dc817202
counter14.bravenet.com,AVAILABILITY,origin.list,origin.list,2022-04-03 05:29:04.032307,7ac7cdde93788441dc817202
counter14.sextracker.com,AVAILABILITY,origin.list,origin.list,2022-04-03 05:29:04.855159,7ac7cdde93788441dc817202
counter15.sextracker.be,AVAILABILITY,origin.list,origin.list,2022-04-03 05:29:12.601343,7ac7cdde93788441dc817202
counter15.bravenet.com,AVAILABILITY,origin.list,origin.list,2022-04-03 05:29:14.740300,7ac7cdde93788441dc817202
counter16.bravenet.com,AVAILABILITY,origin.list,origin.list,2022-04-03 05:29:15.597297,7ac7cdde93788441dc817202
counter15.sextracker.com,AVAILABILITY,origin.list,origin.list,2022-04-03 05:29:16.727086,7ac7cdde93788441dc817202
counter16.sextracker.be,AVAILABILITY,origin.list,origin.list,2022-04-03 05:29:19.122449,7ac7cdde93788441dc817202
counter16.sextracker.com,AVAILABILITY,origin.list,origin.list,2022-04-03 05:29:24.506578,7ac7cdde93788441dc817202
counter17.bravenet.com,AVAILABILITY,origin.list,origin.list,2022-04-03 05:29:25.612030,7ac7cdde93788441dc817202
counter18.bravenet.com,AVAILABILITY,origin.list,origin.list,2022-04-03 05:29:27.228146,7ac7cdde93788441dc817202
counter2.bravenet.com,AVAILABILITY,origin.list,origin.list,2022-04-03 05:29:31.690994,7ac7cdde93788441dc817202
counter19.bravenet.com,AVAILABILITY,origin.list,origin.list,2022-04-03 05:29:32.134007,7ac7cdde93788441dc817202
counter2.freeware.de,AVAILABILITY,origin.list,origin.list,2022-04-03 05:29:40.281293,7ac7cdde93788441dc817202
counter2.hitslink.com,AVAILABILITY,origin.list,origin.list,2022-04-03 05:29:40.288716,7ac7cdde93788441dc817202
counter2.sextracker.com,AVAILABILITY,origin.list,origin.list,2022-04-03 05:29:46.062333,7ac7cdde93788441dc817202
counter2.sextracker.be,AVAILABILITY,origin.list,origin.list,2022-04-03 05:29:46.867760,7ac7cdde93788441dc817202
counter20.bravenet.com,AVAILABILITY,origin.list,origin.list,2022-04-03 05:29:47.604899,7ac7cdde93788441dc817202
counter22.bravenet.com,AVAILABILITY,origin.list,origin.list,2022-04-03 05:29:51.463236,7ac7cdde93788441dc817202
counter21.bravenet.com,AVAILABILITY,origin.list,origin.list,2022-04-03 05:29:56.588116,7ac7cdde93788441dc817202
counter23.bravenet.com,AVAILABILITY,origin.list,origin.list,2022-04-03 05:29:59.911002,7ac7cdde93788441dc817202
counter24.bravenet.com,AVAILABILITY,origin.list,origin.list,2022-04-03 05:30:02.880954,7ac7cdde93788441dc817202
counter25.bravenet.com,AVAILABILITY,origin.list,origin.list,2022-04-03 05:30:03.608638,7ac7cdde93788441dc817202
counter26.bravenet.com,AVAILABILITY,origin.list,origin.list,2022-04-03 05:30:07.773897,7ac7cdde93788441dc817202
counter27.bravenet.com,AVAILABILITY,origin.list,origin.list,2022-04-03 05:30:14.857989,7ac7cdde93788441dc817202
counter29.bravenet.com,AVAILABILITY,origin.list,origin.list,2022-04-03 05:30:17.504705,7ac7cdde93788441dc817202
counter3.bravenet.com,AVAILABILITY,origin.list,origin.list,2022-04-03 05:30:18.107655,7ac7cdde93788441dc817202
counter3.sextracker.be,AVAILABILITY,origin.list,origin.list,2022-04-03 05:30:20.209267,7ac7cdde93788441dc817202
counter28.bravenet.com,AVAILABILITY,origin.list,origin.list,2022-04-03 05:30:21.035147,7ac7cdde93788441dc817202
counter30.bravenet.com,AVAILABILITY,origin.list,origin.list,2022-04-03 05:30:25.707374,7ac7cdde93788441dc817202
counter31.bravenet.com,AVAILABILITY,origin.list,origin.list,2022-04-03 05:30:27.813634,7ac7cdde93788441dc817202
counter3.sextracker.com,AVAILABILITY,origin.list,origin.list,2022-04-03 05:30:28.470741,7ac7cdde93788441dc817202
counter33.bravenet.com,AVAILABILITY,origin.list,origin.list,2022-04-03 05:30:32.155355,7ac7cdde93788441dc817202
counter32.bravenet.com,AVAILABILITY,origin.list,origin.list,2022-04-03 05:30:34.511596,7ac7cdde93788441dc817202
counter34.bravenet.com,AVAILABILITY,origin.list,origin.list,2022-04-03 05:30:42.895968,7ac7cdde93788441dc817202
counter35.bravenet.com,AVAILABILITY,origin.list,origin.list,2022-04-03 05:30:45.403673,7ac7cdde93788441dc817202
counter37.bravenet.com,AVAILABILITY,origin.list,origin.list,2022-04-03 05:30:45.456739,7ac7cdde93788441dc817202
counter36.bravenet.com,AVAILABILITY,origin.list,origin.list,2022-04-03 05:30:46.135304,7ac7cdde93788441dc817202
counter38.bravenet.com,AVAILABILITY,origin.list,origin.list,2022-04-03 05:30:48.345970,7ac7cdde93788441dc817202
counter39.bravenet.com,AVAILABILITY,origin.list,origin.list,2022-04-03 05:30:56.862916,7ac7cdde93788441dc817202
counter4.sextracker.be,AVAILABILITY,origin.list,origin.list,2022-04-03 05:30:59.277597,7ac7cdde93788441dc817202
counter4.sextracker.com,AVAILABILITY,origin.list,origin.list,2022-04-03 05:31:01.696283,7ac7cdde93788441dc817202
counter40.bravenet.com,AVAILABILITY,origin.list,origin.list,2022-04-03 05:31:03.548164,7ac7cdde93788441dc817202
counter4.bravenet.com,AVAILABILITY,origin.list,origin.list,2022-04-03 05:31:04.105733,7ac7cdde93788441dc817202
counter41.bravenet.com,AVAILABILITY,origin.list,origin.list,2022-04-03 05:31:08.873094,7ac7cdde93788441dc817202
counter42.bravenet.com,AVAILABILITY,origin.list,origin.list,2022-04-03 05:31:11.673138,7ac7cdde93788441dc817202
counter44.bravenet.com,AVAILABILITY,origin.list,origin.list,2022-04-03 05:31:14.339136,7ac7cdde93788441dc817202
counter43.bravenet.com,AVAILABILITY,origin.list,origin.list,2022-04-03 05:31:15.590276,7ac7cdde93788441dc817202
counter45.bravenet.com,AVAILABILITY,origin.list,origin.list,2022-04-03 05:31:19.416522,7ac7cdde93788441dc817202
counter46.bravenet.com,AVAILABILITY,origin.list,origin.list,2022-04-03 05:31:20.189919,7ac7cdde93788441dc817202
counter48.bravenet.com,AVAILABILITY,origin.list,origin.list,2022-04-03 05:31:24.210959,7ac7cdde93788441dc817202
counter47.bravenet.com,AVAILABILITY,origin.list,origin.list,2022-04-03 05:31:25.954342,7ac7cdde93788441dc817202
counter49.bravenet.com,AVAILABILITY,origin.list,origin.list,2022-04-03 05:31:28.955330,7ac7cdde93788441dc817202
counter4u.de,AVAILABILITY,origin.list,origin.list,2022-04-03 05:31:34.536653,7ac7cdde93788441dc817202
counter5.sextracker.be,AVAILABILITY,origin.list,origin.list,2022-04-03 05:31:34.589820,7ac7cdde93788441dc817202
counter4all.dk,AVAILABILITY,origin.list,origin.list,2022-04-03 05:31:35.776155,7ac7cdde93788441dc817202
counter5.bravenet.com,AVAILABILITY,origin.list,origin.list,2022-04-03 05:31:39.377518,7ac7cdde93788441dc817202
counter5.sextracker.com,AVAILABILITY,origin.list,origin.list,2022-04-03 05:31:44.221826,7ac7cdde93788441dc817202
counter50.bravenet.com,AVAILABILITY,origin.list,origin.list,2022-04-03 05:31:46.699662,7ac7cdde93788441dc817202
counter6.bravenet.com,AVAILABILITY,origin.list,origin.list,2022-04-03 05:31:49.726026,7ac7cdde93788441dc817202
counter6.sextracker.be,AVAILABILITY,origin.list,origin.list,2022-04-03 05:31:50.944886,7ac7cdde93788441dc817202
counter6.sextracker.com,AVAILABILITY,origin.list,origin.list,2022-04-03 05:31:55.519969,7ac7cdde93788441dc817202
counter7.bravenet.com,AVAILABILITY,origin.list,origin.list,2022-04-03 05:31:59.329323,7ac7cdde93788441dc817202
counter7.sextracker.be,AVAILABILITY,origin.list,origin.list,2022-04-03 05:31:59.385313,7ac7cdde93788441dc817202
counter7.sextracker.com,AVAILABILITY,origin.list,origin.list,2022-04-03 05:32:00.807623,7ac7cdde93788441dc817202
counter8.bravenet.com,AVAILABILITY,origin.list,origin.list,2022-04-03 05:32:04.400988,7ac7cdde93788441dc817202
counter8.sextracker.com,AVAILABILITY,origin.list,origin.list,2022-04-03 05:32:08.035531,7ac7cdde93788441dc817202
counter8.sextracker.be,AVAILABILITY,origin.list,origin.list,2022-04-03 05:32:09.529148,7ac7cdde93788441dc817202
counter9.bravenet.com,AVAILABILITY,origin.list,origin.list,2022-04-03 05:32:11.423990,7ac7cdde93788441dc817202
counter9.sextracker.be,AVAILABILITY,origin.list,origin.list,2022-04-03 05:32:11.494037,7ac7cdde93788441dc817202
counter9.sextracker.com,AVAILABILITY,origin.list,origin.list,2022-04-03 05:32:21.098158,7ac7cdde93788441dc817202
counterbot.com,AVAILABILITY,origin.list,origin.list,2022-04-03 05:32:28.785990,7ac7cdde93788441dc817202
counteraport.spylog.com,AVAILABILITY,origin.list,origin.list,2022-04-03 05:32:29.601083,7ac7cdde93788441dc817202
countercrazy.com,AVAILABILITY,origin.list,origin.list,2022-04-03 05:32:33.981774,7ac7cdde93788441dc817202
counters.auctionhelper.com,AVAILABILITY,origin.list,origin.list,2022-04-03 05:32:34.079164,7ac7cdde93788441dc817202
counters.auctionwatch.com,AVAILABILITY,origin.list,origin.list,2022-04-03 05:32:34.837449,7ac7cdde93788441dc817202
counters.honesty.com,AVAILABILITY,origin.list,origin.list,2022-04-03 05:32:44.001230,7ac7cdde93788441dc817202
counters.auctiva.com,AVAILABILITY,origin.list,origin.list,2022-04-03 05:32:44.961600,7ac7cdde93788441dc817202
cw.nu,AVAILABILITY,origin.list,origin.list,2022-04-03 05:32:49.452322,7ac7cdde93788441dc817202
cs.sexcounter.com,AVAILABILITY,origin.list,origin.list,2022-04-03 05:32:51.904889,7ac7cdde93788441dc817202
cz6.clickzs.com,AVAILABILITY,origin.list,origin.list,2022-04-03 05:32:59.028370,7ac7cdde93788441dc817202
cyberduck.fr,AVAILABILITY,origin.list,origin.list,2022-04-03 05:32:59.448128,7ac7cdde93788441dc817202
da.newstogram.com,AVAILABILITY,origin.list,origin.list,2022-04-03 05:33:01.538434,7ac7cdde93788441dc817202
cz3.clickzs.com,AVAILABILITY,origin.list,origin.list,2022-04-03 05:33:04.134009,7ac7cdde93788441dc817202
dap.digitalgov.gov,AVAILABILITY,origin.list,origin.list,2022-04-03 05:33:09.085580,7ac7cdde93788441dc817202
data.murdoog.com,AVAILABILITY,origin.list,origin.list,2022-04-03 05:33:16.528473,7ac7cdde93788441dc817202
data.coremetrics.com,AVAILABILITY,origin.list,origin.list,2022-04-03 05:33:17.192857,7ac7cdde93788441dc817202
data.webads.co.nz,AVAILABILITY,origin.list,origin.list,2022-04-03 05:33:17.203094,7ac7cdde93788441dc817202
dc43.s290.meetrics.net,AVAILABILITY,origin.list,origin.list,2022-04-03 05:33:25.463215,7ac7cdde93788441dc817202
dclk.themarketer.com,AVAILABILITY,origin.list,origin.list,2022-04-03 05:33:29.955323,7ac7cdde93788441dc817202
data2.perf.overture.com,AVAILABILITY,origin.list,origin.list,2022-04-03 05:33:34.677482,7ac7cdde93788441dc817202
de-config.sensic.net,AVAILABILITY,origin.list,origin.list,2022-04-03 05:33:36.706635,7ac7cdde93788441dc817202
de.tynt.com,AVAILABILITY,origin.list,origin.list,2022-04-03 05:33:39.092085,7ac7cdde93788441dc817202
dclk.themarker.com,AVAILABILITY,origin.list,origin.list,2022-04-03 05:33:40.117320,7ac7cdde93788441dc817202
def.dev-nano.com,AVAILABILITY,origin.list,origin.list,2022-04-03 05:33:43.020258,7ac7cdde93788441dc817202
digistats.westjet.com,AVAILABILITY,origin.list,origin.list,2022-04-03 05:33:48.354936,7ac7cdde93788441dc817202
didtheyreadit.com,AVAILABILITY,origin.list,origin.list,2022-04-03 05:33:51.960853,7ac7cdde93788441dc817202
dkb01.webtrekk.net,AVAILABILITY,origin.list,origin.list,2022-04-03 05:33:54.151216,7ac7cdde93788441dc817202
dnsdelegation.io,AVAILABILITY,origin.list,origin.list,2022-04-03 05:33:56.102564,7ac7cdde93788441dc817202
directads.mcafee.com,AVAILABILITY,origin.list,origin.list,2022-04-03 05:34:02.749066,7ac7cdde93788441dc817202
dpbolvw.net,AVAILABILITY,origin.list,origin.list,2022-04-03 05:34:07.395724,7ac7cdde93788441dc817202
dotcomsecrets.com,AVAILABILITY,origin.list,origin.list,2022-04-03 05:34:07.916000,7ac7cdde93788441dc817202
dwclick.com,AVAILABILITY,origin.list,origin.list,2022-04-03 05:34:08.431273,7ac7cdde93788441dc817202
e-2dj6wfk4ehd5afq.stats.esomniture.com,AVAILABILITY,origin.list,origin.list,2022-04-03 05:34:15.675997,7ac7cdde93788441dc817202
dyn.emetriq.de,AVAILABILITY,origin.list,origin.list,2022-04-03 05:34:19.344582,7ac7cdde93788441dc817202
e-2dj6wfk4skdpogo.stats.esomniture.com,AVAILABILITY,origin.list,origin.list,2022-04-03 05:34:21.791989,7ac7cdde93788441dc817202
e-2dj6wfk4ggdzkbo.stats.esomniture.com,AVAILABILITY,origin.list,origin.list,2022-04-03 05:34:22.444350,7ac7cdde93788441dc817202
e-2dj6wfk4gkcpiep.stats.esomniture.com,AVAILABILITY,origin.list,origin.list,2022-04-03 05:34:27.928824,7ac7cdde93788441dc817202
e-2dj6wfkiakdjgcp.stats.esomniture.com,AVAILABILITY,origin.list,origin.list,2022-04-03 05:34:27.928827,7ac7cdde93788441dc817202
e-2dj6wfkiepczoeo.stats.esomniture.com,AVAILABILITY,origin.list,origin.list,2022-04-03 05:34:33.531885,7ac7cdde93788441dc817202
e-2dj6wfkiokc5odp.stats.esomniture.com,AVAILABILITY,origin.list,origin.list,2022-04-03 05:34:37.165568,7ac7cdde93788441dc817202
e-2dj6wfkiqjcpifp.stats.esomniture.com,AVAILABILITY,origin.list,origin.list,2022-04-03 05:34:39.486881,7ac7cdde93788441dc817202
e-2dj6wfkocjczedo.stats.esomniture.com,AVAILABILITY,origin.list,origin.list,2022-04-03 05:34:40.972987,7ac7cdde93788441dc817202
e-2dj6wfkikjd5glq.stats.esomniture.com,AVAILABILITY,origin.list,origin.list,2022-04-03 05:34:42.743310,7ac7cdde93788441dc817202
e-2dj6wfkowkdjokp.stats.esomniture.com,AVAILABILITY,origin.list,origin.list,2022-04-03 05:34:47.681553,7ac7cdde93788441dc817202
e-2dj6wfkokjajseq.stats.esomniture.com,AVAILABILITY,origin.list,origin.list,2022-04-03 05:34:49.440349,7ac7cdde93788441dc817202
e-2dj6wfkykpazskq.stats.esomniture.com,AVAILABILITY,origin.list,origin.list,2022-04-03 05:34:50.363404,7ac7cdde93788441dc817202
e-2dj6wflicocjklo.stats.esomniture.com,AVAILABILITY,origin.list,origin.list,2022-04-03 05:34:54.678960,7ac7cdde93788441dc817202
e-2dj6wfligpd5iap.stats.esomniture.com,AVAILABILITY,origin.list,origin.list,2022-04-03 05:34:58.157127,7ac7cdde93788441dc817202
e-2dj6wflikgdpodo.stats.esomniture.com,AVAILABILITY,origin.list,origin.list,2022-04-03 05:34:58.866736,7ac7cdde93788441dc817202
e-2dj6wflikiajslo.stats.esomniture.com,AVAILABILITY,origin.list,origin.list,2022-04-03 05:35:00.276750,7ac7cdde93788441dc817202
e-2dj6wflioldzoco.stats.esomniture.com,AVAILABILITY,origin.list,origin.list,2022-04-03 05:35:02.215777,7ac7cdde93788441dc817202
e-2dj6wfloqgc5mho.stats.esomniture.com,AVAILABILITY,origin.list,origin.list,2022-04-03 05:35:09.150341,7ac7cdde93788441dc817202
e-2dj6wfloenczmkq.stats.esomniture.com,AVAILABILITY,origin.list,origin.list,2022-04-03 05:35:10.249562,7ac7cdde93788441dc817202
e-2dj6wfliwpczolp.stats.esomniture.com,AVAILABILITY,origin.list,origin.list,2022-04-03 05:35:10.279610,7ac7cdde93788441dc817202
e-2dj6wflokmajedo.stats.esomniture.com,AVAILABILITY,origin.list,origin.list,2022-04-03 05:35:11.721727,7ac7cdde93788441dc817202
e-2dj6wfmysgdzobo.stats.esomniture.com,AVAILABILITY,origin.list,origin.list,2022-04-03 05:35:14.519350,7ac7cdde93788441dc817202
e-2dj6wgkisnd5abo.stats.esomniture.com,AVAILABILITY,origin.list,origin.list,2022-04-03 05:35:18.589560,7ac7cdde93788441dc817202
e-2dj6wgkigpcjedo.stats.esomniture.com,AVAILABILITY,origin.list,origin.list,2022-04-03 05:35:19.474099,7ac7cdde93788441dc817202
e-2dj6wgkoandzieq.stats.esomniture.com,AVAILABILITY,origin.list,origin.list,2022-04-03 05:35:23.252895,7ac7cdde93788441dc817202
e-2dj6wgkyepajmeo.stats.esomniture.com,AVAILABILITY,origin.list,origin.list,2022-04-03 05:35:23.426097,7ac7cdde93788441dc817202
e-2dj6wgkycpcpsgq.stats.esomniture.com,AVAILABILITY,origin.list,origin.list,2022-04-03 05:35:23.766479,7ac7cdde93788441dc817202
e-2dj6wgkyknd5sko.stats.esomniture.com,AVAILABILITY,origin.list,origin.list,2022-04-03 05:35:28.847904,7ac7cdde93788441dc817202
e-2dj6wgkyomdpalp.stats.esomniture.com,AVAILABILITY,origin.list,origin.list,2022-04-03 05:35:34.102365,7ac7cdde93788441dc817202
e-2dj6whkiandzkko.stats.esomniture.com,AVAILABILITY,origin.list,origin.list,2022-04-03 05:35:36.572333,7ac7cdde93788441dc817202
e-2dj6whkiwjdjwhq.stats.esomniture.com,AVAILABILITY,origin.list,origin.list,2022-04-03 05:35:37.247014,7ac7cdde93788441dc817202
e-2dj6wjk4amd5mfp.stats.esomniture.com,AVAILABILITY,origin.list,origin.list,2022-04-03 05:35:38.899138,7ac7cdde93788441dc817202
e-2dj6whkiepd5iho.stats.esomniture.com,AVAILABILITY,origin.list,origin.list,2022-04-03 05:35:39.866502,7ac7cdde93788441dc817202
e-2dj6wjk4kkcjalp.stats.esomniture.com,AVAILABILITY,origin.list,origin.list,2022-04-03 05:35:46.200179,7ac7cdde93788441dc817202
e-2dj6wjk4ukazebo.stats.esomniture.com,AVAILABILITY,origin.list,origin.list,2022-04-03 05:35:47.088977,7ac7cdde93788441dc817202
e-2dj6wjkosodpmaq.stats.esomniture.com,AVAILABILITY,origin.list,origin.list,2022-04-03 05:35:47.156856,7ac7cdde93788441dc817202
e-2dj6wjkouhd5eao.stats.esomniture.com,AVAILABILITY,origin.list,origin.list,2022-04-03 05:35:47.156872,7ac7cdde93788441dc817202
e-2dj6wjkowhd5ggo.stats.esomniture.com,AVAILABILITY,origin.list,origin.list,2022-04-03 05:35:53.673353,7ac7cdde93788441dc817202
e-2dj6wjkyandpogq.stats.esomniture.com,AVAILABILITY,origin.list,origin.list,2022-04-03 05:35:57.920717,7ac7cdde93788441dc817202
e-2dj6wjkycpdzckp.stats.esomniture.com,AVAILABILITY,origin.list,origin.list,2022-04-03 05:35:58.300068,7ac7cdde93788441dc817202
e-2dj6wjkowjajcbo.stats.esomniture.com,AVAILABILITY,origin.list,origin.list,2022-04-03 05:35:58.435939,7ac7cdde93788441dc817202
e-2dj6wjkyqmdzcgo.stats.esomniture.com,AVAILABILITY,origin.list,origin.list,2022-04-03 05:35:59.585424,7ac7cdde93788441dc817202
e-2dj6wjkysndzigp.stats.esomniture.com,AVAILABILITY,origin.list,origin.list,2022-04-03 05:36:00.957390,7ac7cdde93788441dc817202
e-2dj6wjlichdjoep.stats.esomniture.com,AVAILABILITY,origin.list,origin.list,2022-04-03 05:36:08.070027,7ac7cdde93788441dc817202
e-2dj6wjl4qhd5kdo.stats.esomniture.com,AVAILABILITY,origin.list,origin.list,2022-04-03 05:36:09.497994,7ac7cdde93788441dc817202
e-2dj6wjlignajgaq.stats.esomniture.com,AVAILABILITY,origin.list,origin.list,2022-04-03 05:36:12.180198,7ac7cdde93788441dc817202
e-2dj6wjliehcjglp.stats.esomniture.com,AVAILABILITY,origin.list,origin.list,2022-04-03 05:36:12.217603,7ac7cdde93788441dc817202
e-2dj6wjloagc5oco.stats.esomniture.com,AVAILABILITY,origin.list,origin.list,2022-04-03 05:36:12.905193,7ac7cdde93788441dc817202
e-2dj6wjlougazmao.stats.esomniture.com,AVAILABILITY,origin.list,origin.list,2022-04-03 05:36:21.080165,7ac7cdde93788441dc817202
e-2dj6wjlyeodjkcq.stats.esomniture.com,AVAILABILITY,origin.list,origin.list,2022-04-03 05:36:24.961296,7ac7cdde93788441dc817202
e-2dj6wjlyamdpogo.stats.esomniture.com,AVAILABILITY,origin.list,origin.list,2022-04-03 05:36:25.820391,7ac7cdde93788441dc817202
e-2dj6wjlyckcpelq.stats.esomniture.com,AVAILABILITY,origin.list,origin.list,2022-04-03 05:36:26.801090,7ac7cdde93788441dc817202
e-2dj6wjlygkd5ecq.stats.esomniture.com,AVAILABILITY,origin.list,origin.list,2022-04-03 05:36:28.696266,7ac7cdde93788441dc817202
e-2dj6wjmiekc5olo.stats.esomniture.com,AVAILABILITY,origin.list,origin.list,2022-04-03 05:36:33.343938,7ac7cdde93788441dc817202
e-2dj6wjmyooczoeo.stats.esomniture.com,AVAILABILITY,origin.list,origin.list,2022-04-03 05:36:38.272927,7ac7cdde93788441dc817202
e-2dj6wjmyehd5mfo.stats.esomniture.com,AVAILABILITY,origin.list,origin.list,2022-04-03 05:36:39.174139,7ac7cdde93788441dc817202
e-2dj6wjny-1idzkh.stats.esomniture.com,AVAILABILITY,origin.list,origin.list,2022-04-03 05:36:41.249028,7ac7cdde93788441dc817202
e-2dj6wjnyqkajabp.stats.esomniture.com,AVAILABILITY,origin.list,origin.list,2022-04-03 05:36:45.601811,7ac7cdde93788441dc817202
e-2dj6wjnyeocpcdo.stats.esomniture.com,AVAILABILITY,origin.list,origin.list,2022-04-03 05:36:47.601228,7ac7cdde93788441dc817202
e-2dj6wjnyagcpkko.stats.esomniture.com,AVAILABILITY,origin.list,origin.list,2022-04-03 05:36:51.615567,7ac7cdde93788441dc817202
e-2dj6wjnygidjskq.stats.esomniture.com,AVAILABILITY,origin.list,origin.list,2022-04-03 05:36:55.089555,7ac7cdde93788441dc817202
e-n.y-1shz2prbmdj6wvny-1sez2pra2dj6wjmyepdzadpwudj6x9ny-1seq-2-2.stats.esomniture.com,AVAILABILITY,origin.list,origin.list,2022-04-03 05:36:56.205450,7ac7cdde93788441dc817202
e-ny.a-1shz2prbmdj6wvny-1sez2pra2dj6wjny-1jcpgbowsdj6x9ny-1seq-2-2.stats.esomniture.com,AVAILABILITY,origin.list,origin.list,2022-04-03 05:36:57.583235,7ac7cdde93788441dc817202
easy-web-stats.com,AVAILABILITY,origin.list,origin.list,2022-04-03 05:37:04.987923,7ac7cdde93788441dc817202
emea.rel.msn.com,AVAILABILITY,origin.list,origin.list,2022-04-03 05:37:08.947627,7ac7cdde93788441dc817202
email.positionly.com,AVAILABILITY,origin.list,origin.list,2022-04-03 05:37:10.039772,7ac7cdde93788441dc817202
eds.ca.matchbox.maruhub.com,AVAILABILITY,origin.list,origin.list,2022-04-03 05:37:11.197290,7ac7cdde93788441dc817202
ecestats.theglobeandmail.com,AVAILABILITY,origin.list,origin.list,2022-04-03 05:37:13.017835,7ac7cdde93788441dc817202
engine.cmmeglobal.com,AVAILABILITY,origin.list,origin.list,2022-04-03 05:37:17.506435,7ac7cdde93788441dc817202
enoratraffic.com,AVAILABILITY,origin.list,origin.list,2022-04-03 05:37:20.909669,7ac7cdde93788441dc817202
es.optimost.com,AVAILABILITY,origin.list,origin.list,2022-04-03 05:37:24.466312,7ac7cdde93788441dc817202
