subject,idna_subject,expiration_date,epoch
0101011.com,0101011.com,06-jul-2021,1625529600.0
0427d7.se,0427d7.se,10-may-2023,1683676800.0
0pn.ru,0pn.ru,23-apr-2021,1619136000.0
0stats.com,0stats.com,08-jun-2021,1623110400.0
10fbb07a4b0.se,10fbb07a4b0.se,02-aug-2021,1627862400.0
121media.com,121media.com,21-sep-2021,1632182400.0
123greetings.com,123greetings.com,21-may-2025,1747785600.0
123plays.com,123plays.com,04-aug-2022,1659571200.0
1girl1pitcher.org,1girl1pitcher.org,01-jun-2021,1622505600.0
1guy1cock.com,1guy1cock.com,31-may-2021,1622419200.0
1kdailyprofit.biz,1kdailyprofit.biz,07-may-2021,1620345600.0
1man1jar.org,1man1jar.org,20-aug-2021,1629417600.0
1man2needles.com,1man2needles.com,29-jun-2021,1624924800.0
1priest1nun.com,1priest1nun.com,16-may-2021,1621123200.0
1priest1nun.net,1priest1nun.net,16-may-2021,1621123200.0
21jewelry.com,21jewelry.com,25-apr-2021,1619308800.0
247playz.com,247playz.com,20-apr-2022,1650412800.0
2girls1cup-free.com,2girls1cup-free.com,09-mar-2021,1615248000.0
2girls1cup.cc,2girls1cup.cc,18-oct-2021,1634515200.0
2girls1cup.com,2girls1cup.com,12-aug-2021,1628726400.0
2girls1cup.ws,2girls1cup.ws,27-jul-2021,1627344000.0
2girls1finger.com,2girls1finger.com,12-nov-2021,1636675200.0
2girls1finger.org,2girls1finger.org,24-apr-2021,1619222400.0
2guys1stump.org,2guys1stump.org,29-may-2021,1622246400.0
2site.com,2site.com,25-aug-2021,1629849600.0
321cba.com,321cba.com,28-feb-2022,1646006400.0
360ads.com,360ads.com,18-oct-2021,1634515200.0
3fns.com,3fns.com,01-may-2021,1619827200.0
3guys1hammer.ws,3guys1hammer.ws,30-may-2021,1622332800.0
411playz.com,411playz.com,04-aug-2022,1659571200.0
4girlsfingerpaint.com,4girlsfingerpaint.com,06-dec-2021,1638748800.0
4girlsfingerpaint.org,4girlsfingerpaint.org,01-jun-2021,1622505600.0
4th3d48.com,4th3d48.com,09-mar-2021,1615248000.0
7500.com,7500.com,05-may-2021,1620172800.0
7adpower.com,7adpower.com,10-may-2021,1620604800.0
7bpeople.com,7bpeople.com,07-aug-2022,1659830400.0
7x.cc,7x.cc,02-mar-2021,1614643200.0
7xc4n.com,7xc4n.com,14-feb-2021,1613260800.0
7zip.fr,7zip.fr,28-jan-2021,1611792000.0
888casino.com,888casino.com,28-jun-2023,1687910400.0
961.com,961.com,13-may-2022,1652400000.0
9cd76b4462bb.com,9cd76b4462bb.com,25-jun-2021,1624579200.0
a-ads.com,a-ads.com,07-jul-2021,1625616000.0
a7cleaner.com,a7cleaner.com,18-jan-2021,1610928000.0
a98spolicies.com,a98spolicies.com,22-mar-2021,1616371200.0
aarth.net,aarth.net,08-apr-2021,1617840000.0
ab913aa797e78b3.com,ab913aa797e78b3.com,25-jun-2021,1624579200.0
abclnks.com,abclnks.com,02-may-2021,1619913600.0
abetterinternet.com,abetterinternet.com,14-aug-2024,1723593600.0
aboardamusement.com,aboardamusement.com,09-may-2021,1620518400.0
abruzzoinitaly.co.uk,abruzzoinitaly.co.uk,08-jan-2022,1641600000.0
accessfreevpn.com,accessfreevpn.com,24-mar-2021,1616544000.0
acglgoa.com,acglgoa.com,18-oct-2028,1855440000.0
achetezfacile.com,achetezfacile.com,19-mar-2021,1616112000.0
acnenomor.com,acnenomor.com,28-may-2021,1622160000.0
actionflash.com,actionflash.com,20-apr-2021,1618876800.0
actionsplash.com,actionsplash.com,13-jun-2021,1623542400.0
ad-411.com,ad-411.com,26-apr-2021,1619395200.0
ad-balancer.net,ad-balancer.net,20-may-2021,1621468800.0
ad-delivery.net,ad-delivery.net,03-may-2021,1620000000.0
ad-feeds.com,ad-feeds.com,05-feb-2021,1612483200.0
ad-flow.com,ad-flow.com,29-sep-2022,1664409600.0
ad-indicator.com,ad-indicator.com,29-apr-2021,1619654400.0
ad-plus.cn,ad-plus.cn,23-apr-2021,1619136000.0
ad-score.com,ad-score.com,01-aug-2027,1817078400.0
ad-souk.com,ad-souk.com,15-aug-2021,1628985600.0
ad-sponsor.com,ad-sponsor.com,18-jul-2021,1626566400.0
ad-srv.net,ad-srv.net,24-jan-2021,1611446400.0
ad-u.com,ad-u.com,31-jul-2021,1627689600.0
ad-vice.biz,ad-vice.biz,28-feb-2021,1614470400.0
ad-void.com,ad-void.com,18-jul-2021,1626566400.0
ad.net,ad.net,08-mar-2021,1615161600.0
ad2.pl,ad2.pl,27-feb-2021,1614384000.0
ad20.net,ad20.net,01-mar-2021,1614556800.0
ad2games.com,ad2games.com,26-jun-2021,1624665600.0
ad4game.com,ad4game.com,12-may-2021,1620777600.0
ad4partners.com,ad4partners.com,19-aug-2021,1629331200.0
ad6media.fr,ad6media.fr,20-apr-2021,1618876800.0
adadvisor.net,adadvisor.net,08-apr-2022,1649376000.0
adaos-ads.net,adaos-ads.net,08-sep-2021,1631059200.0
adap.tv,adap.tv,21-feb-2021,1613865600.0
adapd.com,adapd.com,18-mar-2021,1616025600.0
adbit.co,adbit.co,20-mar-2021,1616198400.0
adblock.fr,adblock.fr,28-jan-2021,1611792000.0
adblockanalytics.com,adblockanalytics.com,03-feb-2021,1612310400.0
adbrite.com,adbrite.com,16-jun-2021,1623801600.0
adcarem.co,adcarem.co,28-jul-2021,1627430400.0
adconscious.com,adconscious.com,22-may-2021,1621641600.0
addenly.info,addenly.info,12-may-2021,1620777600.0
addfreestats.com,addfreestats.com,21-aug-2021,1629504000.0
addthis.com,addthis.com,25-may-2021,1621900800.0
ademails.com,ademails.com,29-jul-2022,1659052800.0
adexc.net,adexc.net,07-aug-2021,1628294400.0
adexchangegate.com,adexchangegate.com,27-apr-2021,1619481600.0
adexchangeprediction.com,adexchangeprediction.com,27-apr-2021,1619481600.0
adexchangetracker.com,adexchangetracker.com,27-apr-2021,1619481600.0
adform.com,adform.com,16-jul-2023,1689465600.0
adfusion.com,adfusion.com,03-apr-2024,1712102400.0
adhearus.com,adhearus.com,25-may-2021,1621900800.0
adhese.com,adhese.com,04-apr-2025,1743724800.0
adhitzads.com,adhitzads.com,14-jan-2021,1610582400.0
adition.com,adition.com,30-may-2021,1622332800.0
adjmps.com,adjmps.com,14-jun-2021,1623628800.0
adjuggler.net,adjuggler.net,29-mar-2021,1616976000.0
adkontekst.pl,adkontekst.pl,25-apr-2021,1619308800.0
adman.se,adman.se,07-jul-2021,1625616000.0
admanage.com,admanage.com,13-aug-2021,1628812800.0
admedia.com,admedia.com,27-apr-2021,1619481600.0
admedias.net,admedias.net,26-apr-2021,1619395200.0
admeld.com,admeld.com,05-jul-2021,1625443200.0
admez.com,admez.com,02-mar-2021,1614643200.0
admxxx.com,admxxx.com,21-jun-2021,1624233600.0
adnet.biz,adnet.biz,26-mar-2021,1616716800.0
adnet.com,adnet.com,05-jun-2022,1654387200.0
adnetworkperformance.com,adnetworkperformance.com,27-apr-2021,1619481600.0
adnexus.net,adnexus.net,04-may-2022,1651622400.0
adnxs.com,adnxs.com,27-may-2022,1653609600.0
adobee.com,adobee.com,19-may-2021,1621382400.0
adocean.pl,adocean.pl,18-mar-2021,1616025600.0
adotube.com,adotube.com,15-feb-2021,1613347200.0
adpepper.dk,adpepper.dk,31-mar-2021,1617148800.0
adrazzi.com,adrazzi.com,21-jun-2021,1624233600.0
adrotator.se,adrotator.se,09-may-2021,1620518400.0
adrunnr.com,adrunnr.com,02-mar-2021,1614643200.0
ads-rolandgarros.com,ads-rolandgarros.com,26-apr-2021,1619395200.0
ads-stats.com,ads-stats.com,26-apr-2021,1619395200.0
ads.dk,ads.dk,30-jun-2021,1625011200.0
ads.gold,ads.gold,19-feb-2021,1613692800.0
ads2-adnow.com,ads2-adnow.com,03-mar-2021,1614729600.0
ads234.com,ads234.com,26-aug-2021,1629936000.0
ads2ads.net,ads2ads.net,03-may-2021,1620000000.0
ads2srv.com,ads2srv.com,21-mar-2021,1616284800.0
ads345.com,ads345.com,24-feb-2021,1614124800.0
ads360.com,ads360.com,27-feb-2021,1614384000.0
ads4cheap.com,ads4cheap.com,03-may-2021,1620000000.0
ads8.com,ads8.com,14-aug-2021,1628899200.0
ads80.com,ads80.com,11-mar-2021,1615420800.0
adsbizsimple.com,adsbizsimple.com,23-jul-2021,1626998400.0
adscholar.com,adscholar.com,16-jan-2021,1610755200.0
adsdaq.com,adsdaq.com,12-aug-2021,1628726400.0
adsearch.pl,adsearch.pl,06-nov-2021,1636156800.0
adserver.pl,adserver.pl,20-sep-2021,1632096000.0
adservicestats.com,adservicestats.com,18-jul-2021,1626566400.0
adsfac.net,adsfac.net,04-sep-2021,1630713600.0
adsfac.us,adsfac.us,21-aug-2021,1629504000.0
adsinimages.com,adsinimages.com,24-feb-2021,1614124800.0
adsmart.co.uk,adsmart.co.uk,18-feb-2021,1613606400.0
adsmart.com,adsmart.com,08-apr-2021,1617840000.0
adsmart.net,adsmart.net,24-jun-2021,1624492800.0
adsoftware.com,adsoftware.com,14-jan-2021,1610582400.0
adsoldier.com,adsoldier.com,16-feb-2021,1613433600.0
adsonar.com,adsonar.com,09-jun-2021,1623196800.0
adspirit.net,adspirit.net,09-sep-2021,1631145600.0
adsrevenue.net,adsrevenue.net,02-may-2021,1619913600.0
adsrv.me,adsrv.me,20-feb-2021,1613779200.0
adsrvr.com,adsrvr.com,01-apr-2021,1617235200.0
adsrvr.org,adsrvr.org,29-mar-2021,1616976000.0
adsspace.net,adsspace.net,25-feb-2021,1614211200.0
adstogo.com,adstogo.com,11-dec-2024,1733875200.0
adstome.com,adstome.com,25-may-2021,1621900800.0
adsupplyads.net,adsupplyads.net,25-jun-2022,1656115200.0
adswakeup.com,adswakeup.com,01-may-2021,1619827200.0
adsxyz.com,adsxyz.com,13-jul-2021,1626134400.0
adtag.cc,adtag.cc,19-aug-2021,1629331200.0
adtaily.com,adtaily.com,04-apr-2021,1617494400.0
adtaily.pl,adtaily.pl,04-apr-2021,1617494400.0
adtech.com,adtech.com,26-jul-2021,1627257600.0
adtechus.com,adtechus.com,26-oct-2021,1635206400.0
adtext.pl,adtext.pl,01-oct-2021,1633046400.0
adtlgc.com,adtlgc.com,02-mar-2021,1614643200.0
adtology3.com,adtology3.com,22-may-2021,1621641600.0
adtotal.pl,adtotal.pl,29-jul-2021,1627516800.0
adtrak.net,adtrak.net,30-mar-2021,1617062400.0
adultadworld.com,adultadworld.com,19-aug-2021,1629331200.0
advconversion.com,advconversion.com,12-jul-2021,1626048000.0
advertise.com,advertise.com,26-oct-2025,1761436800.0
advertisingbay.com,advertisingbay.com,02-jun-2021,1622592000.0
adviva.net,adviva.net,15-aug-2021,1628985600.0
advmaker.ru,advmaker.ru,14-jan-2021,1610582400.0
advplace.com,advplace.com,02-jul-2021,1625184000.0
advzilla.com,advzilla.com,18-aug-2021,1629244800.0
adwitty.com,adwitty.com,26-aug-2021,1629936000.0
adxpose.com,adxpose.com,07-apr-2021,1617753600.0
adzerk.net,adzerk.net,12-may-2024,1715472000.0
affiliate-fr.com,affiliate-fr.com,10-aug-2021,1628553600.0
affiliation-france.com,affiliation-france.com,20-aug-2021,1629417600.0
afform.co.uk,afform.co.uk,22-feb-2021,1613952000.0
affpartners.com,affpartners.com,10-feb-2022,1644451200.0
affpool.com,affpool.com,19-may-2021,1621382400.0
affrh2023.com,affrh2023.com,15-apr-2021,1618444800.0
afftrack001.com,afftrack001.com,03-mar-2021,1614729600.0
afilo.pl,afilo.pl,13-jun-2021,1623542400.0
afunnygames.com,afunnygames.com,26-feb-2021,1614297600.0
agkn.com,agkn.com,02-sep-2021,1630540800.0
ako.cc,ako.cc,27-mar-2021,1616803200.0
aktiv-hirek.net,aktiv-hirek.net,30-apr-2021,1619740800.0
allaskme.com,allaskme.com,16-aug-2021,1629072000.0
alltereg0.ru,alltereg0.ru,30-may-2021,1622332800.0
alocdn.com,alocdn.com,13-sep-2021,1631491200.0
amazon-adsystem.com,amazon-adsystem.com,16-sep-2024,1726444800.0
ankieta-online.pl,ankieta-online.pl,28-feb-2021,1614470400.0
annuaire-autosurf.com,annuaire-autosurf.com,13-feb-2021,1613174400.0
anonymous-net.com,anonymous-net.com,28-aug-2021,1630108800.0
anonymousdemographics.com,anonymousdemographics.com,04-feb-2021,1612396800.0
answerhub.com,answerhub.com,25-may-2021,1621900800.0
app-measurement.com,app-measurement.com,19-jun-2021,1624060800.0
appfixing.space,appfixing.space,21-jul-2021,1626825600.0
appnexus.com,appnexus.com,11-sep-2022,1662854400.0
appodeal.com,appodeal.com,02-may-2021,1619913600.0
apps-cloud.xyz,apps-cloud.xyz,26-mar-2021,1616716800.0
arabtechmessenger.net,arabtechmessenger.net,24-apr-2021,1619222400.0
arbomedia.pl,arbomedia.pl,31-mar-2021,1617148800.0
aritzal.com,aritzal.com,12-jun-2021,1623456000.0
armsart.com,armsart.com,06-may-2021,1620259200.0
arrayshift.com,arrayshift.com,07-jul-2021,1625616000.0
ask-coder.com,ask-coder.com,12-aug-2021,1628726400.0
ask-gps.ru,ask-gps.ru,11-jun-2021,1623369600.0
askbot.com,askbot.com,02-jul-2021,1625184000.0
asklots.com,asklots.com,22-apr-2021,1619049600.0
assoc-amazon.com,assoc-amazon.com,16-jul-2024,1721088000.0
atdmt.com,atdmt.com,17-aug-2021,1629158400.0
atemda.com,atemda.com,09-jun-2021,1623196800.0
atout-energie-69.com,atout-energie-69.com,25-apr-2021,1619308800.0
aureate.com,aureate.com,12-aug-2021,1628726400.0
auspolice.com,auspolice.com,26-jul-2021,1627257600.0
aussiemethod.com,aussiemethod.com,06-sep-2021,1630886400.0
aussieroadtosuccess.com,aussieroadtosuccess.com,28-feb-2021,1614470400.0
avidnewssource.com,avidnewssource.com,13-mar-2021,1615593600.0
avilagtitkai.com,avilagtitkai.com,16-may-2021,1621123200.0
axbetb2.com,axbetb2.com,08-apr-2021,1617840000.0
azoaltou.com,azoaltou.com,08-oct-2021,1633651200.0
azoogleads.com,azoogleads.com,21-jan-2021,1611187200.0
azvjudwr.info,azvjudwr.info,19-feb-2021,1613692800.0
b1fe8a95ae27823.com,b1fe8a95ae27823.com,25-jun-2021,1624579200.0
b34rightym.com,b34rightym.com,10-apr-2021,1618012800.0
badults.se,badults.se,25-mar-2021,1616630400.0
baiduccdn1.com,baiduccdn1.com,29-apr-2021,1619654400.0
bannerconnect.net,bannerconnect.net,12-mar-2021,1615507200.0
bannerpower.com,bannerpower.com,15-feb-2022,1644883200.0
bazandegan.com,bazandegan.com,02-aug-2021,1627862400.0
bbelements.com,bbelements.com,29-may-2021,1622246400.0
bbs.ws,bbs.ws,02-jul-2021,1625184000.0
beifibpola.work,beifibpola.work,17-sep-2021,1631836800.0
benimreklam.com,benimreklam.com,16-may-2021,1621123200.0
best2019-games-web1.com,best2019-games-web1.com,20-jun-2021,1624147200.0
best2020-games-web1.com,best2020-games-web1.com,20-jul-2021,1626739200.0
bestadbid.com,bestadbid.com,10-jul-2021,1625875200.0
bestaryua.com,bestaryua.com,12-sep-2021,1631404800.0
bestgore.com,bestgore.com,08-apr-2021,1617840000.0
bestmmo2018.com,bestmmo2018.com,15-sep-2021,1631664000.0
bestorican.com,bestorican.com,22-apr-2021,1619049600.0
bet-at-home.com,bet-at-home.com,04-oct-2028,1854230400.0
betclic.com,betclic.com,01-jun-2021,1622505600.0
bfast.com,bfast.com,14-aug-2021,1628899200.0
bhyuu.com,bhyuu.com,14-jun-2021,1623628800.0
bidclix.net,bidclix.net,19-apr-2021,1618790400.0
bidsystem.com,bidsystem.com,17-jun-2021,1623888000.0
bidvertiser.com,bidvertiser.com,13-may-2021,1620864000.0
bietthuvinhomesgialam.xyz,bietthuvinhomesgialam.xyz,07-may-2021,1620345600.0
bigbrandpromotions.com,bigbrandpromotions.com,29-sep-2021,1632873600.0
bigbrandrewards.com,bigbrandrewards.com,21-apr-2021,1618963200.0
bigfreelotto.com,bigfreelotto.com,17-apr-2021,1618617600.0
biggestgiftrewards.com,biggestgiftrewards.com,24-aug-2021,1629763200.0
bighow.net,bighow.net,20-mar-2021,1616198400.0
bindfast.com,bindfast.com,05-feb-2021,1612483200.0
bitcoadz.io,bitcoadz.io,09-aug-2021,1628467200.0
bitcoinaussiesystemsoft.com,bitcoinaussiesystemsoft.com,23-jun-2021,1624406400.0
bitcoinplus.com,bitcoinplus.com,18-apr-2021,1618704000.0
bitmedia.io,bitmedia.io,13-jun-2022,1655078400.0
bitonclick.com,bitonclick.com,27-apr-2021,1619481600.0
bitraffic.com,bitraffic.com,31-aug-2021,1630368000.0
biz-offer.com,biz-offer.com,25-feb-2021,1614211200.0
bkrtx.com,bkrtx.com,04-mar-2021,1614816000.0
bleachbit.com,bleachbit.com,18-jan-2021,1610928000.0
blender3d.fr,blender3d.fr,28-jan-2021,1611792000.0
blogads.com,blogads.com,05-mar-2021,1614902400.0
blogvertising.pl,blogvertising.pl,20-jan-2021,1611100800.0
bluediamondoffers.com,bluediamondoffers.com,25-mar-2021,1616630400.0
bluekai.com,bluekai.com,06-jul-2021,1625529600.0
bluescreenalert.com,bluescreenalert.com,19-jun-2021,1624060800.0
bluestreak.com,bluestreak.com,22-mar-2021,1616371200.0
bluewaffle.biz,bluewaffle.biz,28-nov-2021,1638057600.0
blw4-1.com,blw4-1.com,06-sep-2021,1630886400.0
bongacams.com,bongacams.com,25-jan-2024,1706140800.0
bookpdf.services,bookpdf.services,15-sep-2021,1631664000.0
bopstermedia56.com,bopstermedia56.com,09-jul-2021,1625788800.0
boroskola.info,boroskola.info,03-apr-2021,1617408000.0
bottleguy.com,bottleguy.com,29-jun-2021,1624924800.0
bowlgirl.com,bowlgirl.com,16-may-2021,1621123200.0
brapolice.com,brapolice.com,18-mar-2021,1616025600.0
bravospots.com,bravospots.com,29-may-2021,1622246400.0
brightonclick.com,brightonclick.com,27-apr-2021,1619481600.0
broadcastpc.tv,broadcastpc.tv,09-aug-2021,1628467200.0
brokertraffic.com,brokertraffic.com,10-mar-2021,1615334400.0
browser-tools.systems,browser-tools.systems,20-aug-2021,1629417600.0
browsergames2019.com,browsergames2019.com,11-feb-2021,1613001600.0
brxfinance.com,brxfinance.com,22-jun-2021,1624320000.0
budapest1873.net,budapest1873.net,25-sep-2021,1632528000.0
bundasnovinhas.com,bundasnovinhas.com,31-jul-2021,1627689600.0
buttcandy.com,buttcandy.com,25-may-2021,1621900800.0
buy-vicodin-cheap-vicodin-online.com,buy-vicodin-cheap-vicodin-online.com,18-jun-2021,1623974400.0
buzzadnetwork.com,buzzadnetwork.com,27-apr-2021,1619481600.0
buzzonclick.com,buzzonclick.com,27-apr-2021,1619481600.0
c4tracking01.com,c4tracking01.com,07-apr-2021,1617753600.0
cablyshaw.com,cablyshaw.com,08-oct-2021,1633651200.0
cadaver.org,cadaver.org,27-apr-2021,1619481600.0
cafecoc.com,cafecoc.com,17-may-2021,1621209600.0
cahoots.com,cahoots.com,23-nov-2024,1732320000.0
callbling.com,callbling.com,07-jun-2021,1623024000.0
cambonanza.com,cambonanza.com,14-may-2021,1620950400.0
canadaalltax.com,canadaalltax.com,22-feb-2021,1613952000.0
carambo.la,carambo.la,15-jul-2022,1657843200.0
carmuffler.net,carmuffler.net,17-apr-2021,1618617600.0
casalemedia.com,casalemedia.com,19-oct-2023,1697673600.0
cashback.co.uk,cashback.co.uk,17-jun-2021,1623888000.0
cashcounter.com,cashcounter.com,17-jan-2022,1642377600.0
cashflowmarketing.com,cashflowmarketing.com,30-jun-2021,1625011200.0
cashreportz.com,cashreportz.com,26-feb-2021,1614297600.0
casino770.com,casino770.com,18-mar-2022,1647561600.0
cc-dt.com,cc-dt.com,14-apr-2021,1618358400.0
ccleaner.fr,ccleaner.fr,28-jan-2021,1611792000.0
ccpmo.com,ccpmo.com,09-aug-2021,1628467200.0
ccudl.com,ccudl.com,19-jan-2021,1611014400.0
cecash.com,cecash.com,10-sep-2021,1631232000.0
celebwelove.com,celebwelove.com,29-mar-2021,1616976000.0
celestia.fr,celestia.fr,28-jan-2021,1611792000.0
cellphoneincentives.com,cellphoneincentives.com,21-may-2021,1621555200.0
charmflirt.com,charmflirt.com,23-aug-2021,1629676800.0
charmstroy.info,charmstroy.info,16-jan-2021,1610755200.0
chartbeat.com,chartbeat.com,02-aug-2021,1627862400.0
checkfreevideos.net,checkfreevideos.net,15-may-2021,1621036800.0
chelick.net,chelick.net,07-feb-2021,1612656000.0
christianbusinessadvertising.com,christianbusinessadvertising.com,10-sep-2021,1631232000.0
cig-arrete.com,cig-arrete.com,26-jan-2021,1611619200.0
ciiycode.com,ciiycode.com,30-mar-2021,1617062400.0
cioco-froll.com,cioco-froll.com,28-jul-2021,1627430400.0
citrio.com,citrio.com,06-nov-2021,1636156800.0
civilhir.net,civilhir.net,10-aug-2021,1628553600.0
cjt1.net,cjt1.net,09-jul-2021,1625788800.0
cl96rwprue.com,cl96rwprue.com,08-jun-2021,1623110400.0
classicjack.com,classicjack.com,17-jul-2024,1721174400.0
cleanchain.net,cleanchain.net,13-jul-2021,1626134400.0
cleaningformac.com,cleaningformac.com,21-apr-2021,1618963200.0
clearonclick.com,clearonclick.com,27-apr-2021,1619481600.0
clevernt.com,clevernt.com,22-jun-2021,1624320000.0
clhctrk.com,clhctrk.com,15-apr-2021,1618444800.0
clickauditor.net,clickauditor.net,31-mar-2021,1617148800.0
clickbangpop.com,clickbangpop.com,13-feb-2021,1613174400.0
clickmedia.ro,clickmedia.ro,15-jan-2021,1610668800.0
clickmeter.com,clickmeter.com,17-jul-2027,1815782400.0
clicksor.com,clicksor.com,27-jan-2021,1611705600.0
clicksotrk.com,clicksotrk.com,01-apr-2021,1617235200.0
clickspring.net,clickspring.net,03-jul-2021,1625270400.0
clickthru.net,clickthru.net,13-apr-2021,1618272000.0
clickthruserver.com,clickthruserver.com,12-jun-2024,1718150400.0
clickthrutraffic.com,clickthrutraffic.com,18-jan-2021,1610928000.0
clicktorrent.info,clicktorrent.info,13-apr-2021,1618272000.0
clicktripz.com,clicktripz.com,08-feb-2023,1675814400.0
clkads.com,clkads.com,31-jan-2021,1612051200.0
clkrtrkr.com,clkrtrkr.com,29-mar-2021,1616976000.0
clktrk.com,clktrk.com,04-mar-2021,1614816000.0
clonezilla.fr,clonezilla.fr,28-jan-2021,1611792000.0
cloudadservers.com,cloudadservers.com,15-feb-2021,1613347200.0
clownsong.com,clownsong.com,01-may-2021,1619827200.0
clubwinnerz.com,clubwinnerz.com,18-sep-2021,1631923200.0
cnhv.co,cnhv.co,23-aug-2021,1629676800.0
cobalten.com,cobalten.com,13-jun-2021,1623542400.0
codeexplain.com,codeexplain.com,29-mar-2021,1616976000.0
codegur.com,codegur.com,21-jul-2021,1626825600.0
coin-ad.com,coin-ad.com,22-feb-2021,1613952000.0
coin-have.com,coin-have.com,23-sep-2021,1632355200.0
coin-hive.com,coin-hive.com,24-aug-2021,1629763200.0
coinad.com,coinad.com,28-feb-2021,1614470400.0
coinerra.com,coinerra.com,25-sep-2021,1632528000.0
coinurl.com,coinurl.com,23-apr-2021,1619136000.0
coinverti.com,coinverti.com,20-mar-2021,1616198400.0
coinzilla.io,coinzilla.io,11-sep-2021,1631318400.0
coldcertainchannel.com,coldcertainchannel.com,03-jul-2021,1625270400.0
collectiveads.net,collectiveads.net,23-jun-2021,1624406400.0
compolice.com,compolice.com,23-jan-2021,1611360000.0
compufixshop.com,compufixshop.com,22-jul-2021,1626912000.0
computertechanalysis.com,computertechanalysis.com,13-mar-2021,1615593600.0
comsss-56.com,comsss-56.com,01-jul-2021,1625097600.0
conduit.com,conduit.com,21-apr-2029,1871424000.0
connectionlead.com,connectionlead.com,25-jul-2021,1627171200.0
connexity.net,connexity.net,06-jan-2024,1704499200.0
constintptr.com,constintptr.com,21-feb-2021,1613865600.0
contaxe.com,contaxe.com,10-apr-2021,1618012800.0
contextad.pl,contextad.pl,03-jun-2021,1622678400.0
contextweb.com,contextweb.com,16-mar-2023,1678924800.0
conversantmedia.com,conversantmedia.com,18-jun-2021,1623974400.0
convertro.com,convertro.com,09-feb-2022,1644364800.0
coolsavings.com,coolsavings.com,02-jun-2021,1622592000.0
coordino.com,coordino.com,19-aug-2021,1629331200.0
coquine-dispo.com,coquine-dispo.com,29-apr-2021,1619654400.0
coreglead.co.uk,coreglead.co.uk,06-may-2022,1651795200.0
counter4all.dk,counter4all.dk,30-jun-2021,1625011200.0
countercrazy.com,countercrazy.com,22-apr-2021,1619049600.0
cpm20.com,cpm20.com,21-jul-2021,1626825600.0
cpmadvisors.com,cpmadvisors.com,29-aug-2021,1630195200.0
cpxdeliv.com,cpxdeliv.com,18-jul-2021,1626566400.0
creatrixads.com,creatrixads.com,29-apr-2021,1619654400.0
croissed.info,croissed.info,08-sep-2021,1631059200.0
crossout.net,crossout.net,13-may-2021,1620864000.0
cryptoblog.biz,cryptoblog.biz,04-aug-2021,1628035200.0
cryptocoinsad.com,cryptocoinsad.com,11-apr-2021,1618099200.0
cryptoloot.pro,cryptoloot.pro,30-jul-2021,1627603200.0
ctnsnet.com,ctnsnet.com,26-jul-2021,1627257600.0
cuntwars.com,cuntwars.com,28-feb-2024,1709078400.0
customerscreensavers.com,customerscreensavers.com,24-jul-2021,1627084800.0
cw.nu,cw.nu,06-jun-2021,1622937600.0
cya2.net,cya2.net,03-mar-2021,1614729600.0
cyberduck.fr,cyberduck.fr,25-jan-2021,1611532800.0
cyberprotection.pro,cyberprotection.pro,04-apr-2021,1617494400.0
cyberscat.com,cyberscat.com,03-apr-2021,1617408000.0
cydoor.com,cydoor.com,10-sep-2021,1631232000.0
d4q8zgf756.com,d4q8zgf756.com,18-jul-2021,1626566400.0
dadparty.com,dadparty.com,04-may-2021,1620086400.0
daily-saver.com,daily-saver.com,25-feb-2021,1614211200.0
dailynewstonight.com,dailynewstonight.com,09-apr-2021,1617926400.0
darakht.com,darakht.com,05-aug-2021,1628121600.0
darmowe-zakupy.com,darmowe-zakupy.com,29-apr-2021,1619654400.0
datedate.today,datedate.today,08-sep-2021,1631059200.0
datingadvertising.com,datingadvertising.com,12-mar-2022,1647043200.0
datnentayhanoi.info,datnentayhanoi.info,19-mar-2021,1616112000.0
dawnnationaladvertiser.com,dawnnationaladvertiser.com,26-nov-2021,1637884800.0
dbios.org,dbios.org,19-may-2021,1621382400.0
dctracking.com,dctracking.com,14-may-2021,1620950400.0
derkeiler.com,derkeiler.com,12-mar-2021,1615507200.0
designbloxlive.com,designbloxlive.com,09-jul-2021,1625788800.0
detox-kit.com,detox-kit.com,18-jan-2021,1610928000.0
dgit.com,dgit.com,16-may-2024,1715817600.0
dgm2.com,dgm2.com,20-jul-2021,1626739200.0
dgmaustralia.com,dgmaustralia.com,20-may-2021,1621468800.0
dichvuvesinhhanoi.com,dichvuvesinhhanoi.com,24-aug-2021,1629763200.0
didtheyreadit.com,didtheyreadit.com,10-sep-2025,1757462400.0
dingrigoguter.pro,dingrigoguter.pro,02-may-2021,1619913600.0
dirtyrhino.com,dirtyrhino.com,06-feb-2021,1612569600.0
disapprovalaccusedirt.com,disapprovalaccusedirt.com,24-sep-2021,1632441600.0
discoverdemo.com,discoverdemo.com,03-may-2021,1620000000.0
disqusads.com,disqusads.com,16-dec-2021,1639612800.0
dmtt.fun,dmtt.fun,24-sep-2021,1632441600.0
dnps.com,dnps.com,11-aug-2021,1628640000.0
dnsdelegation.io,dnsdelegation.io,22-mar-2021,1616371200.0
dobbenetes.com,dobbenetes.com,12-sep-2021,1631404800.0
dolohen.com,dolohen.com,04-feb-2021,1612396800.0
donotwatch.org,donotwatch.org,16-jun-2021,1623801600.0
dontwatch.us,dontwatch.us,03-mar-2021,1614729600.0
doors.co.kr,doors.co.kr,28-feb-2021,1614470400.0
dosszie.com,dosszie.com,20-jun-2021,1624147200.0
dosugcz.biz,dosugcz.biz,12-aug-2021,1628726400.0
doubleclick.com,doubleclick.com,28-may-2021,1622160000.0
doubleclick.net,doubleclick.net,17-jan-2021,1610841600.0
downads.com,downads.com,12-aug-2021,1628726400.0
downloadplayer.xyz,downloadplayer.xyz,21-mar-2021,1616284800.0
dpbolvw.net,dpbolvw.net,06-apr-2021,1617667200.0
drc-group.net,drc-group.net,12-jul-2021,1626048000.0
drecentreshu.info,drecentreshu.info,04-may-2021,1620086400.0
drowle.com,drowle.com,02-jun-2021,1622592000.0
earnlivingonline.net,earnlivingonline.net,02-aug-2021,1627862400.0
easy-web-stats.com,easy-web-stats.com,16-jul-2021,1626393600.0
ebayadvertising.com,ebayadvertising.com,23-apr-2021,1619136000.0
ecard4all.com,ecard4all.com,02-aug-2021,1627862400.0
eclkmpbn.com,eclkmpbn.com,15-jun-2021,1623715200.0
eclkmpsa.com,eclkmpsa.com,15-jun-2021,1623715200.0
eclkspbn.com,eclkspbn.com,15-jun-2021,1623715200.0
ecoencomputer.com,ecoencomputer.com,12-apr-2021,1618185600.0
ecomadserver.com,ecomadserver.com,13-apr-2021,1618272000.0
edchargina.pro,edchargina.pro,06-may-2021,1620259200.0
edu-offer.com,edu-offer.com,08-jul-2021,1625702400.0
eelsoup.net,eelsoup.net,05-apr-2021,1617580800.0
eforu.com,eforu.com,11-may-2021,1620691200.0
efreedom.net,efreedom.net,24-feb-2021,1614124800.0
egyenesen.com,egyenesen.com,20-mar-2021,1616198400.0
egyveleg.com,egyveleg.com,18-feb-2021,1613606400.0
enoratraffic.com,enoratraffic.com,14-apr-2021,1618358400.0
entertainment-specials.com,entertainment-specials.com,29-aug-2021,1630195200.0
erdekeshirek.club,erdekeshirek.club,09-jul-2021,1625788800.0
ero-advertising.com,ero-advertising.com,20-dec-2021,1639958400.0
euniverseads.com,euniverseads.com,18-feb-2021,1613606400.0
exasked.com,exasked.com,05-feb-2021,1612483200.0
exclusivegiftcards.com,exclusivegiftcards.com,21-sep-2021,1632182400.0
expertland.net,expertland.net,07-aug-2021,1628294400.0
expired-antiviruses.com,expired-antiviruses.com,20-feb-2021,1613779200.0
exponential.com,exponential.com,10-oct-2028,1854748800.0
extremereach.com,extremereach.com,27-aug-2021,1630022400.0
eztrck.com,eztrck.com,27-aug-2021,1630022400.0
fadskis.com,fadskis.com,25-jan-2021,1611532800.0
faggotry.com,faggotry.com,17-apr-2021,1618617600.0
fajnefanty.com,fajnefanty.com,03-aug-2021,1627948800.0
falkag.net,falkag.net,30-jan-2021,1611964800.0
family-offer.com,family-offer.com,23-mar-2021,1616457600.0
faridorighled.info,faridorighled.info,07-jun-2021,1623024000.0
farmius.org,farmius.org,22-aug-2021,1629590400.0
fastchecker.pro,fastchecker.pro,19-aug-2021,1629331200.0
fastclick.net,fastclick.net,18-mar-2021,1616025600.0
fastcounter.com,fastcounter.com,14-jun-2021,1623628800.0
fastpopunder.com,fastpopunder.com,09-jun-2021,1623196800.0
fastwebcounter.com,fastwebcounter.com,19-may-2021,1621382400.0
fatcatrewards.com,fatcatrewards.com,24-sep-2021,1632441600.0
feedbackexplorer.com,feedbackexplorer.com,16-mar-2021,1615852800.0
fengfengtiecrv.com.cn,fengfengtiecrv.com.cn,13-sep-2021,1631491200.0
fengyixin.com,fengyixin.com,26-jun-2021,1624665600.0
fervortracer.com,fervortracer.com,06-may-2021,1620259200.0
ffxitrack.com,ffxitrack.com,13-may-2021,1620864000.0
filezilla.fr,filezilla.fr,28-jan-2021,1611792000.0
filmes-hd.com,filmes-hd.com,01-mar-2021,1614556800.0
filmfanatic.com,filmfanatic.com,29-jan-2021,1611878400.0
fin.tips,fin.tips,29-aug-2021,1630195200.0
findsexguide.com,findsexguide.com,20-mar-2021,1616198400.0
firefox-updater.com,firefox-updater.com,30-jan-2022,1643500800.0
firrectly.top,firrectly.top,19-feb-2021,1613692800.0
firstgame.xyz,firstgame.xyz,17-may-2021,1621209600.0
fixbonus.com,fixbonus.com,10-aug-2021,1628553600.0
flu23.com,flu23.com,18-feb-2026,1771372800.0
flycast.com,flycast.com,19-apr-2021,1618790400.0
fndsdaytings.com,fndsdaytings.com,25-apr-2021,1619308800.0
folloyu.com,folloyu.com,23-mar-2021,1616457600.0
fontoshirek.info,fontoshirek.info,17-jul-2021,1626480000.0
fontostudni.club,fontostudni.club,16-jun-2021,1623801600.0
formalyzer.com,formalyzer.com,27-jan-2022,1643241600.0
freecontent.bid,freecontent.bid,19-jan-2021,1611014400.0
freedailydownload.com,freedailydownload.com,08-may-2021,1620432000.0
freefoodprovider.com,freefoodprovider.com,01-jun-2021,1622505600.0
freefoodsource.com,freefoodsource.com,01-jun-2021,1622505600.0
freefuelcard.com,freefuelcard.com,04-may-2021,1620086400.0
freefuelcoupon.com,freefuelcoupon.com,04-may-2021,1620086400.0
freeinvisiblecounters.com,freeinvisiblecounters.com,01-sep-2021,1630454400.0
freelaptopnation.com,freelaptopnation.com,17-jun-2021,1623888000.0
freelaptopreward.com,freelaptopreward.com,15-aug-2021,1628985600.0
freenation.com,freenation.com,05-aug-2021,1628121600.0
freerapid.fr,freerapid.fr,20-may-2021,1621468800.0
freestats.com,freestats.com,05-sep-2021,1630800000.0
frenetikus.com,frenetikus.com,09-aug-2021,1628467200.0
freshmac.space,freshmac.space,21-jul-2021,1626825600.0
fruitlauncher.com,fruitlauncher.com,06-apr-2021,1617667200.0
fukkad.com,fukkad.com,01-jun-2021,1622505600.0
fun-e-cards.com,fun-e-cards.com,08-jun-2021,1623110400.0
functional-business.com,functional-business.com,08-jun-2021,1623110400.0
funnelchair.com,funnelchair.com,07-may-2021,1620345600.0
funtabsafe.com,funtabsafe.com,24-may-2021,1621814400.0
fuuze.net,fuuze.net,09-apr-2021,1617926400.0
g1-globosaude.com,g1-globosaude.com,01-may-2021,1619827200.0
gadgetsytecnologia.com,gadgetsytecnologia.com,06-jul-2021,1625529600.0
gamelights.ru,gamelights.ru,10-jul-2021,1625875200.0
gamerz123.com,gamerz123.com,26-apr-2021,1619395200.0
gamesrotator.com,gamesrotator.com,20-apr-2021,1618876800.0
gar-tech.com,gar-tech.com,13-mar-2021,1615593600.0
gator.com,gator.com,20-mar-2022,1647734400.0
gejroom.net,gejroom.net,07-jun-2021,1623024000.0
gem.pl,gem.pl,12-apr-2021,1618185600.0
gemius.pl,gemius.pl,15-may-2021,1621036800.0
geniusdisplay.com,geniusdisplay.com,27-apr-2021,1619481600.0
geoads.com,geoads.com,04-mar-2021,1614816000.0
get-answers-fast.com,get-answers-fast.com,06-jul-2021,1625529600.0
get-express-vpn.com,get-express-vpn.com,22-may-2022,1653177600.0
getflash-now.com,getflash-now.com,23-may-2021,1621728000.0
getlink.pw,getlink.pw,25-mar-2021,1616630400.0
getmyads.com,getmyads.com,04-dec-2025,1764806400.0
getmyads24.com,getmyads24.com,25-jan-2021,1611532800.0
getmyfreebabystuff.com,getmyfreebabystuff.com,05-apr-2021,1617580800.0
getmyfreegiftcard.com,getmyfreegiftcard.com,20-feb-2021,1613779200.0
getspecialgifts.com,getspecialgifts.com,11-sep-2021,1631318400.0
gezinti.com,gezinti.com,24-jan-2021,1611446400.0
ghalibaft.com,ghalibaft.com,04-aug-2021,1628035200.0
giftcardchallenge.com,giftcardchallenge.com,15-aug-2021,1628985600.0
gigaonclick.com,gigaonclick.com,27-apr-2021,1619481600.0
gingert.net,gingert.net,14-apr-2021,1618358400.0
globalwebads.com,globalwebads.com,09-jun-2021,1623196800.0
go2page.net,go2page.net,15-oct-2021,1634256000.0
goat.cx,goat.cx,10-may-2021,1620604800.0
goatse.ca,goatse.ca,06-jun-2021,1622937600.0
goatse.cx,goatse.cx,16-jan-2021,1610755200.0
goatse.ru,goatse.ru,23-apr-2021,1619136000.0
goatsegirl.org,goatsegirl.org,16-apr-2021,1618531200.0
goautofinance.com,goautofinance.com,21-apr-2021,1618963200.0
goggle.com,goggle.com,13-feb-2021,1613174400.0
goldadpremium.com,goldadpremium.com,23-jul-2021,1626998400.0
goldstats.com,goldstats.com,27-may-2021,1622073600.0
goobbe.com,goobbe.com,30-mar-2021,1617062400.0
goodbizez.com,goodbizez.com,31-jul-2021,1627689600.0
goodbookbook.com,goodbookbook.com,02-jul-2021,1625184000.0
goplayz.com,goplayz.com,04-aug-2022,1659571200.0
got2goshop.com,got2goshop.com,06-jul-2021,1625529600.0
gparted.fr,gparted.fr,28-jan-2021,1611792000.0
grabbit-rabbit.com,grabbit-rabbit.com,24-mar-2021,1616544000.0
graizoah.com,graizoah.com,21-may-2021,1621555200.0
greatarcadehits.com,greatarcadehits.com,19-jul-2021,1626652800.0
greeninst.com,greeninst.com,04-apr-2021,1617494400.0
greenshot.fr,greenshot.fr,28-jan-2021,1611792000.0
grooveshark.fr,grooveshark.fr,28-jan-2021,1611792000.0
groupm.com,groupm.com,19-apr-2021,1618790400.0
grtexch.com,grtexch.com,07-may-2022,1651881600.0
guiaconsumidor.com,guiaconsumidor.com,11-feb-2021,1613001600.0
guildofangels.net,guildofangels.net,15-sep-2021,1631664000.0
guisuaphical.work,guisuaphical.work,21-sep-2021,1632182400.0
gwallet.com,gwallet.com,21-mar-2021,1616284800.0
hai2u.com,hai2u.com,03-may-2021,1620000000.0
hakerzy.net,hakerzy.net,08-feb-2021,1612742400.0
hallaert.online,hallaert.online,16-apr-2021,1618531200.0
hatter-story.info,hatter-story.info,31-jul-2021,1627689600.0
healthbeautyncs.com,healthbeautyncs.com,09-sep-2021,1631145600.0
helpmedb.com,helpmedb.com,01-sep-2021,1630454400.0
hg8dc7bm.com,hg8dc7bm.com,02-apr-2021,1617321600.0
highscanprotect.com,highscanprotect.com,08-oct-2021,1633651200.0
hilltopads.net,hilltopads.net,20-jun-2021,1624147200.0
himediads.com,himediads.com,04-jul-2021,1625356800.0
hipersushiads.com,hipersushiads.com,12-jun-2021,1623456000.0
hir-online.com,hir-online.com,15-sep-2021,1631664000.0
hir-tv.com,hir-tv.com,17-mar-2021,1615939200.0
hirado-online.net,hirado-online.net,20-apr-2021,1618876800.0
hirado.top,hirado.top,17-may-2021,1621209600.0
hirek.top,hirek.top,10-aug-2021,1628553600.0
hirmadar.com,hirmadar.com,12-mar-2021,1615507200.0
hirnaplo.com,hirnaplo.com,25-may-2021,1621900800.0
hirorigo.net,hirorigo.net,20-apr-2021,1618876800.0
hirozon.info,hirozon.info,11-jul-2021,1625961600.0
hirzona24.com,hirzona24.com,25-mar-2021,1616630400.0
histats.com,histats.com,12-jun-2021,1623456000.0
hitbox.com,hitbox.com,03-may-2021,1620000000.0
hitboxbenchmarker.com,hitboxbenchmarker.com,25-sep-2021,1632528000.0
hlcc.ca,hlcc.ca,03-may-2021,1620000000.0
holidayshoppingrewards.com,holidayshoppingrewards.com,16-mar-2021,1615852800.0
honestsun.top,honestsun.top,24-jun-2021,1624492800.0
hooqy.com,hooqy.com,21-jan-2021,1611187200.0
hotchatdate.com,hotchatdate.com,05-may-2021,1620172800.0
hotgiftzone.com,hotgiftzone.com,15-may-2021,1621036800.0
howtobuildsoftware.com,howtobuildsoftware.com,30-jul-2021,1627603200.0
httpads.com,httpads.com,26-apr-2021,1619395200.0
httpwwwadserver.com,httpwwwadserver.com,28-jan-2021,1611792000.0
hub.com.pl,hub.com.pl,26-aug-2021,1629936000.0
i4track.net,i4track.net,12-mar-2021,1615507200.0
iccee.com,iccee.com,06-apr-2021,1617667200.0
icecars.com,icecars.com,13-feb-2021,1613174400.0
id3103.com,id3103.com,05-jun-2021,1622851200.0
iesnare.co.uk,iesnare.co.uk,25-jan-2021,1611532800.0
iesnare.com,iesnare.com,16-apr-2021,1618531200.0
iftarvakitleri.net,iftarvakitleri.net,14-feb-2021,1613260800.0
ilovemobi.com,ilovemobi.com,10-nov-2021,1636502400.0
imarker.com,imarker.com,24-aug-2021,1629763200.0
immediadement-arretez-ezhez-identfcie-jasdasd1233-9057.com,immediadement-arretez-ezhez-identfcie-jasdasd1233-9057.com,26-mar-2021,1616716800.0
imrk.net,imrk.net,18-aug-2021,1629244800.0
imrworldwide.com,imrworldwide.com,01-apr-2021,1617235200.0
incentiverewardcenter.com,incentiverewardcenter.com,28-apr-2021,1619568000.0
incestland.com,incestland.com,31-may-2021,1622419200.0
inclk.com,inclk.com,18-apr-2021,1618704000.0
indpolice.com,indpolice.com,14-oct-2021,1634169600.0
industry-deals.com,industry-deals.com,05-jul-2021,1625443200.0
infinite-ads.com,infinite-ads.com,14-jan-2021,1610582400.0
informacja-dnia.com,informacja-dnia.com,27-mar-2021,1616803200.0
informereng.com,informereng.com,23-mar-2021,1616457600.0
inklineglobal.com,inklineglobal.com,03-feb-2023,1675382400.0
inkscape.fr,inkscape.fr,28-jan-2021,1611792000.0
insightfirst.com,insightfirst.com,07-jun-2022,1654560000.0
installmac.com,installmac.com,17-jan-2022,1642377600.0
intela.com,intela.com,27-jul-2022,1658880000.0
intelliads.com,intelliads.com,12-may-2021,1620777600.0
iovation.co.uk,iovation.co.uk,08-mar-2021,1615161600.0
iovation.com,iovation.com,28-jan-2021,1611792000.0
iplogger.org,iplogger.org,03-apr-2022,1648944000.0
iqoption.com,iqoption.com,10-apr-2021,1618012800.0
istartsurf.com,istartsurf.com,28-jul-2021,1627430400.0
istat.biz,istat.biz,05-jul-2021,1625443200.0
iswwwup.com,iswwwup.com,21-sep-2021,1632182400.0
itnuzleafan.com,itnuzleafan.com,28-jan-2021,1611792000.0
iuqerfsodp9ifjaposdfjhgosurijfaewrwergwea.com,iuqerfsodp9ifjaposdfjhgosurijfaewrwergwea.com,12-may-2023,1683849600.0
iuqerfsodp9ifjaposdfjhgosurijfaewrwergwff.com,iuqerfsodp9ifjaposdfjhgosurijfaewrwergwff.com,14-apr-2021,1618358400.0
izarc.fr,izarc.fr,28-jan-2021,1611792000.0
jambocast.com,jambocast.com,29-nov-2022,1669680000.0
japscat.org,japscat.org,05-apr-2021,1617580800.0
jbbwtetv.xyz,jbbwtetv.xyz,25-aug-2021,1629849600.0
jdownloader.fr,jdownloader.fr,23-feb-2021,1614038400.0
jf71qh5v14.com,jf71qh5v14.com,25-apr-2021,1619308800.0
jivox.com,jivox.com,04-jul-2021,1625356800.0
joyschema3.live,joyschema3.live,03-sep-2021,1630627200.0
jroqvbvw.info,jroqvbvw.info,19-feb-2021,1613692800.0
justdating.online,justdating.online,25-sep-2021,1632528000.0
jxliu.com,jxliu.com,23-aug-2021,1629676800.0
jyhfuqoh.info,jyhfuqoh.info,19-feb-2021,1613692800.0
kaprazatos.club,kaprazatos.club,22-apr-2021,1619049600.0
kaytri.com,kaytri.com,13-may-2021,1620864000.0
kdowqlpt.info,kdowqlpt.info,19-feb-2021,1613692800.0
keek.fun,keek.fun,24-sep-2021,1632441600.0
keepass.com,keepass.com,12-feb-2021,1613088000.0
keepass.fr,keepass.fr,28-jan-2021,1611792000.0
keybinary.com,keybinary.com,30-apr-2021,1619740800.0
keywordblocks.com,keywordblocks.com,27-jan-2021,1611705600.0
kidsinsandbox.info,kidsinsandbox.info,27-jul-2021,1627344000.0
kilomniadst.info,kilomniadst.info,14-may-2021,1620950400.0
kissmetrics.com,kissmetrics.com,28-sep-2027,1822089600.0
kitaramedia.com,kitaramedia.com,02-mar-2021,1614643200.0
kixer.com,kixer.com,29-may-2021,1622246400.0
klikasz-i-masz.com,klikasz-i-masz.com,03-aug-2021,1627948800.0
kliksaya.com,kliksaya.com,09-apr-2021,1617926400.0
kozszolgalat.com,kozszolgalat.com,06-aug-2021,1628208000.0
kpremium.com,kpremium.com,15-jun-2021,1623715200.0
kqzyfj.com,kqzyfj.com,06-apr-2021,1617667200.0
krakragames.com,krakragames.com,03-may-2021,1620000000.0
kreaffiliation.com,kreaffiliation.com,16-mar-2021,1615852800.0
kromtech.net,kromtech.net,14-mar-2021,1615680000.0
ktrackdata.com,ktrackdata.com,13-jul-2021,1626134400.0
kuhdi.com,kuhdi.com,04-jun-2021,1622764800.0
la1dwne9cn5c.com,la1dwne9cn5c.com,19-feb-2021,1613692800.0
lactofketharma.pro,lactofketharma.pro,22-jun-2021,1624320000.0
ladyclicks.ru,ladyclicks.ru,22-apr-2021,1619049600.0
laptopreportcard.com,laptopreportcard.com,21-jul-2021,1626825600.0
laptoprewards.com,laptoprewards.com,23-jul-2021,1626998400.0
laptoprewardsgroup.com,laptoprewardsgroup.com,20-feb-2021,1613779200.0
le1er.net,le1er.net,01-aug-2021,1627776000.0
leadpub.com,leadpub.com,17-apr-2021,1618617600.0
learning-offer.com,learning-offer.com,12-jun-2021,1623456000.0
legfrissebb.info,legfrissebb.info,19-feb-2021,1613692800.0
legjava.pro,legjava.pro,25-apr-2021,1619308800.0
lemonparty.biz,lemonparty.biz,19-aug-2021,1629331200.0
letsfinder.com,letsfinder.com,09-apr-2021,1617926400.0
letslowbefast.site,letslowbefast.site,09-jun-2021,1623196800.0
letssearch.com,letssearch.com,09-feb-2022,1644364800.0
levexis.com,levexis.com,04-nov-2021,1635984000.0
lftqch650apz.com,lftqch650apz.com,11-apr-2021,1618099200.0
libdgel.net,libdgel.net,07-may-2021,1620345600.0
liczniki.org,liczniki.org,21-mar-2021,1616284800.0
lie2anyone.com,lie2anyone.com,28-feb-2021,1614470400.0
likeportal.com,likeportal.com,19-aug-2021,1629331200.0
likespike.com,likespike.com,18-aug-2021,1629244800.0
link2me.ru,link2me.ru,31-jan-2021,1612051200.0
link4win.net,link4win.net,26-aug-2021,1629936000.0
linkcounter.com,linkcounter.com,27-feb-2021,1614384000.0
linknotification.com,linknotification.com,02-mar-2021,1614643200.0
listennewsnetwork.com,listennewsnetwork.com,07-sep-2021,1630972800.0
loading321.com,loading321.com,13-jun-2021,1623542400.0
lockerdome.com,lockerdome.com,10-sep-2024,1725926400.0
lolhello.com,lolhello.com,16-may-2021,1621123200.0
lolshock.com,lolshock.com,29-apr-2021,1619654400.0
loltrain.com,loltrain.com,29-apr-2021,1619654400.0
lpcloudsvr302.com,lpcloudsvr302.com,08-may-2021,1620432000.0
lsassoc.com,lsassoc.com,16-apr-2021,1618531200.0
ltk.pw,ltk.pw,25-jul-2021,1627171200.0
lucklayed.info,lucklayed.info,08-sep-2021,1631059200.0
lucky-day-uk.com,lucky-day-uk.com,04-apr-2021,1617494400.0
luckymeetyou.com,luckymeetyou.com,29-jul-2021,1627516800.0
luxpolice.com,luxpolice.com,09-jun-2021,1623196800.0
luxpolice.net,luxpolice.net,09-jun-2021,1623196800.0
luxstockevent.su,luxstockevent.su,20-jul-2021,1626739200.0
luxup.ru,luxup.ru,17-jan-2021,1610841600.0
maaxmarket.com,maaxmarket.com,31-aug-2021,1630368000.0
macaxpower.com.br,macaxpower.com.br,28-jun-2022,1656374400.0
maccleanersecurity.com,maccleanersecurity.com,09-jul-2021,1625788800.0
macfixingsoftware.space,macfixingsoftware.space,21-jul-2021,1626825600.0
macleaner.space,macleaner.space,29-jan-2021,1611878400.0
macpurifier.com,macpurifier.com,17-may-2021,1621209600.0
madadsmedia.com,madadsmedia.com,20-feb-2024,1708387200.0
magento-analytics.com,magento-analytics.com,12-may-2021,1620777600.0
magyarkozosseg.net,magyarkozosseg.net,30-aug-2021,1630281600.0
magyarokvagyunk.com,magyarokvagyunk.com,12-jun-2021,1623456000.0
mailforfreedom.com,mailforfreedom.com,11-apr-2021,1618099200.0
mailtrack.me,mailtrack.me,18-feb-2021,1613606400.0
majoritishbettes.info,majoritishbettes.info,23-aug-2021,1629676800.0
makeitworkfaster.life,makeitworkfaster.life,05-aug-2021,1628121600.0
makemoneyrobot.com,makemoneyrobot.com,09-feb-2021,1612828800.0
mapleway2profit.com,mapleway2profit.com,13-aug-2021,1628812800.0
marketaff.com,marketaff.com,15-aug-2024,1723680000.0
marketgameland.com,marketgameland.com,07-feb-2022,1644192000.0
marketscore.com,marketscore.com,03-may-2021,1620000000.0
mashinkhabar.com,mashinkhabar.com,15-jul-2021,1626307200.0
maxbounty.com,maxbounty.com,23-sep-2021,1632355200.0
maxmusics.com,maxmusics.com,05-oct-2021,1633392000.0
maxonclick.com,maxonclick.com,27-apr-2021,1619481600.0
maxserving.com,maxserving.com,31-jan-2021,1612051200.0
mb01.com,mb01.com,15-apr-2021,1618444800.0
mbabovuler.club,mbabovuler.club,23-sep-2021,1632355200.0
mbermorn.top,mbermorn.top,30-sep-2021,1632960000.0
meatspin.biz,meatspin.biz,19-aug-2021,1629331200.0
meatspin.com,meatspin.com,10-mar-2021,1615334400.0
media-match.com,media-match.com,25-sep-2022,1664064000.0
mediacharger.com,mediacharger.com,29-mar-2021,1616976000.0
mediafaze.com,mediafaze.com,27-apr-2021,1619481600.0
mediative.ca,mediative.ca,26-jul-2021,1627257600.0
mediative.com,mediative.com,26-mar-2021,1616716800.0
mediavadasz.info,mediavadasz.info,29-jun-2021,1624924800.0
mediawhirl.net,mediawhirl.net,13-jul-2021,1626134400.0
medical-offer.com,medical-offer.com,17-may-2021,1621209600.0
meevehdar.com,meevehdar.com,04-aug-2021,1628035200.0
megabizvibes.com,megabizvibes.com,08-jul-2021,1625702400.0
megawealthbiz.com,megawealthbiz.com,08-jul-2021,1625702400.0
meglepo.info,meglepo.info,06-may-2021,1620259200.0
mellowads.com,mellowads.com,03-mar-2021,1614729600.0
metedbuenge.info,metedbuenge.info,10-jun-2021,1623283200.0
meteon.org,meteon.org,01-mar-2021,1614556800.0
micmusik.com,micmusik.com,05-oct-2021,1633392000.0
microsoftsecurity-experts7565.xyz,microsoftsecurity-experts7565.xyz,05-sep-2021,1630800000.0
miercuri.gq,miercuri.gq,24-jan-2026,1769212800.0
mightymagoo.com,mightymagoo.com,11-may-2021,1620691200.0
milkfountain.com,milkfountain.com,06-apr-2021,1617667200.0
milyondolar.com,milyondolar.com,28-apr-2021,1619568000.0
mindenegybenblog.net,mindenegybenblog.net,14-apr-2021,1618358400.0
minr.pw,minr.pw,16-apr-2021,1618531200.0
mizvan.com,mizvan.com,19-feb-2021,1613692800.0
mktrkr.com,mktrkr.com,05-feb-2021,1612483200.0
ml314.com,ml314.com,22-apr-2027,1808352000.0
mmoframes.com,mmoframes.com,14-sep-2021,1631577600.0
mobfactory.info,mobfactory.info,24-feb-2021,1614124800.0
mobile-antivirus.club,mobile-antivirus.club,23-sep-2021,1632355200.0
mobrevflwms.com,mobrevflwms.com,10-feb-2021,1612915200.0
mobscan.info,mobscan.info,11-may-2021,1620691200.0
mochibot.com,mochibot.com,09-feb-2021,1612828800.0
mojn.com,mojn.com,05-may-2021,1620172800.0
mokavilag.com,mokavilag.com,30-apr-2021,1619740800.0
mokuskerek.club,mokuskerek.club,28-may-2021,1622160000.0
moneybot.net,moneybot.net,05-aug-2021,1628121600.0
moneyraid.com,moneyraid.com,31-jan-2021,1612051200.0
moodoo.com.cn,moodoo.com.cn,17-jul-2021,1626480000.0
morefreecamsecrets.com,morefreecamsecrets.com,14-feb-2021,1613260800.0
morevisits.info,morevisits.info,18-may-2021,1621296000.0
mouthtroubleask17.live,mouthtroubleask17.live,08-sep-2021,1631059200.0
movsflix.com,movsflix.com,25-jan-2021,1611532800.0
mozebyctwoje.com,mozebyctwoje.com,06-jun-2021,1622937600.0
msn1.com,msn1.com,12-aug-2021,1628726400.0
mttwtrack.com,mttwtrack.com,20-jul-2021,1626739200.0
mtvnlatservices.com,mtvnlatservices.com,05-apr-2021,1617580800.0
mudfall.com,mudfall.com,25-feb-2021,1614211200.0
mudmonster.org,mudmonster.org,06-apr-2021,1617667200.0
mulato.info,mulato.info,24-jul-2021,1627084800.0
murdoog.com,murdoog.com,28-mar-2021,1616889600.0
music611.com,music611.com,05-oct-2021,1633392000.0
musikzoo.com,musikzoo.com,05-oct-2021,1633392000.0
mvonline.com,mvonline.com,28-mar-2021,1616889600.0
mvtracker.com,mvtracker.com,26-aug-2021,1629936000.0
my-cash-bot.co,my-cash-bot.co,27-jul-2021,1627344000.0
my-uq.com,my-uq.com,07-sep-2021,1630972800.0
myanyone.net,myanyone.net,30-apr-2021,1619740800.0
mybinaryoptionsrobot.com,mybinaryoptionsrobot.com,23-may-2021,1621728000.0
mycashback.co.uk,mycashback.co.uk,19-may-2021,1621382400.0
myexclusiverewards.com,myexclusiverewards.com,23-jul-2021,1626998400.0
myfreedinner.com,myfreedinner.com,23-mar-2021,1616457600.0
myfreemp3player.com,myfreemp3player.com,22-aug-2021,1629590400.0
myfuncards.com,myfuncards.com,31-dec-2021,1640908800.0
mygreatrewards.com,mygreatrewards.com,25-aug-2021,1629849600.0
myhitbox.com,myhitbox.com,03-jun-2021,1622678400.0
mymediarecommendations.com,mymediarecommendations.com,22-feb-2021,1613952000.0
myornamenti.com,myornamenti.com,12-mar-2021,1615507200.0
myprivateemails.com,myprivateemails.com,04-may-2021,1620086400.0
mysagagame.com,mysagagame.com,21-feb-2023,1676937600.0
mystats.com,mystats.com,22-jul-2021,1626912000.0
mytimerpro.com,mytimerpro.com,04-may-2021,1620086400.0
nactx.com,nactx.com,26-jun-2021,1624665600.0
nakk.fun,nakk.fun,29-sep-2021,1632873600.0
nameketathar.pro,nameketathar.pro,02-may-2021,1619913600.0
nanoadexchange.com,nanoadexchange.com,27-apr-2021,1619481600.0
napimigrans.com,napimigrans.com,21-aug-2021,1629504000.0
napimigrans.info,napimigrans.info,20-sep-2021,1632096000.0
natashyabaydesign.com,natashyabaydesign.com,12-feb-2021,1613088000.0
nationalsurveypanel.com,nationalsurveypanel.com,16-sep-2021,1631750400.0
naturahirek.com,naturahirek.com,18-mar-2021,1616025600.0
needadvertising.com,needadvertising.com,04-jul-2021,1625356800.0
nekk.shop,nekk.shop,29-jul-2021,1627516800.0
netpalnow.com,netpalnow.com,22-jun-2021,1624320000.0
netsponsors.com,netsponsors.com,23-may-2021,1621728000.0
networkad.net,networkad.net,26-jun-2021,1624665600.0
newclk.com,newclk.com,16-feb-2021,1613433600.0
newjunk4u.com,newjunk4u.com,19-apr-2021,1618790400.0
news-finances.com,news-finances.com,15-mar-2021,1615766400.0
newsmagic.net,newsmagic.net,18-feb-2021,1613606400.0
nextgenstats.com,nextgenstats.com,20-sep-2027,1821398400.0
nimp.org,nimp.org,04-apr-2021,1617494400.0
nospartenaires.com,nospartenaires.com,08-jul-2021,1625702400.0
notepad2.com,notepad2.com,16-jan-2021,1610755200.0
noticias.life,noticias.life,19-jul-2021,1626652800.0
notifyday.com,notifyday.com,15-may-2021,1621036800.0
nspmotion.com,nspmotion.com,08-jul-2021,1625702400.0
ntralpenedhy.pro,ntralpenedhy.pro,06-may-2021,1620259200.0
nutabuse.com,nutabuse.com,16-may-2021,1621123200.0
ocslab.com,ocslab.com,23-mar-2022,1647993600.0
octopusgirl.com,octopusgirl.com,06-apr-2021,1617667200.0
offerimage.com,offerimage.com,10-jun-2021,1623283200.0
offerreality.com,offerreality.com,24-aug-2021,1629763200.0
offerx.co.uk,offerx.co.uk,06-mar-2022,1646524800.0
ohmydating.com,ohmydating.com,26-mar-2021,1616716800.0
oix.com,oix.com,28-jul-2021,1627430400.0
oix.net,oix.net,22-feb-2021,1613952000.0
okcounter.com,okcounter.com,15-may-2021,1621036800.0
omtrdc.net,omtrdc.net,22-jul-2021,1626912000.0
onclickads.net,onclickads.net,03-jun-2021,1622678400.0
onclickmega.com,onclickmega.com,27-apr-2021,1619481600.0
onclickprediction.com,onclickprediction.com,27-apr-2021,1619481600.0
onclicksuper.com,onclicksuper.com,27-apr-2021,1619481600.0
onesignal.com,onesignal.com,10-sep-2024,1725926400.0
only2date.com,only2date.com,25-sep-2021,1632528000.0
onmypc.net,onmypc.net,12-jul-2021,1626048000.0
oopt.fr,oopt.fr,18-apr-2021,1618704000.0
opencandy.com,opencandy.com,22-jan-2021,1611273600.0
openinternetexchange.net,openinternetexchange.net,31-aug-2021,1630368000.0
openload.info,openload.info,19-feb-2021,1613692800.0
openoverflow.com,openoverflow.com,13-oct-2021,1634083200.0
oplaca-sie.pl,oplaca-sie.pl,03-aug-2021,1627948800.0
origer.info,origer.info,14-apr-2021,1618358400.0
outbrain.com,outbrain.com,09-aug-2023,1691539200.0
outerinfo.com,outerinfo.com,15-aug-2021,1628985600.0
pacificnet.xyz,pacificnet.xyz,28-jul-2021,1627430400.0
paime.com,paime.com,25-jan-2021,1611532800.0
painolympics.info,painolympics.info,20-aug-2021,1629417600.0
paintnet.fr,paintnet.fr,28-jan-2021,1611792000.0
pakpolice.com,pakpolice.com,14-jul-2025,1752451200.0
paperg.com,paperg.com,04-mar-2021,1614816000.0
parronnotandone.info,parronnotandone.info,02-may-2021,1619913600.0
parskabab.com,parskabab.com,02-aug-2021,1627862400.0
passpport.com,passpport.com,19-feb-2021,1613692800.0
pathforpoints.com,pathforpoints.com,07-may-2021,1620345600.0
paulsnetwork.com,paulsnetwork.com,28-mar-2021,1616889600.0
paycounter.com,paycounter.com,31-may-2021,1622419200.0
pc-virus-d0l92j2.pw,pc-virus-d0l92j2.pw,05-aug-2021,1628121600.0
pcmuzic.com,pcmuzic.com,05-oct-2021,1633392000.0
performanceadexchange.com,performanceadexchange.com,27-apr-2021,1619481600.0
phlpolice.com,phlpolice.com,08-may-2021,1620432000.0
phoenixads.co.in,phoenixads.co.in,30-aug-2021,1630281600.0
phonejapan.com,phonejapan.com,04-may-2021,1620086400.0
phorm.co.uk,phorm.co.uk,16-jun-2021,1623801600.0
phorm.com,phorm.com,29-apr-2022,1651190400.0
phorm.dk,phorm.dk,30-jun-2021,1625011200.0
phormchina.com,phormchina.com,23-feb-2021,1614038400.0
phormlabs.com,phormlabs.com,18-sep-2021,1631923200.0
pickytime.com,pickytime.com,12-aug-2021,1628726400.0
pituitosus.com,pituitosus.com,03-mar-2021,1614729600.0
pixel.watch,pixel.watch,18-sep-2021,1631923200.0
plasmatv4free.com,plasmatv4free.com,23-sep-2021,1632355200.0
platads.com,platads.com,23-jul-2021,1626998400.0
playlink.pl,playlink.pl,19-jun-2021,1624060800.0
playstream.co,playstream.co,07-aug-2021,1628294400.0
pleasewait.co,pleasewait.co,02-mar-2021,1614643200.0
ploaz54.com,ploaz54.com,06-apr-2021,1617667200.0
pmelon.com,pmelon.com,23-jun-2022,1655942400.0
pocofh.com,pocofh.com,29-aug-2021,1630195200.0
popadscdn.net,popadscdn.net,15-sep-2021,1631664000.0
popcash.net,popcash.net,13-aug-2022,1660348800.0
popmyads.com,popmyads.com,12-feb-2021,1613088000.0
poponclick.com,poponclick.com,08-mar-2021,1615161600.0
popupclick.ru,popupclick.ru,24-mar-2021,1616544000.0
popupdomination.com,popupdomination.com,08-jul-2023,1688774400.0
pornstargals.com,pornstargals.com,01-mar-2021,1614556800.0
postmasterdirect.com,postmasterdirect.com,02-apr-2021,1617321600.0
practeddagek.club,practeddagek.club,02-apr-2021,1617321600.0
precisioncounter.com,precisioncounter.com,25-jun-2021,1624579200.0
predictiondisplay.com,predictiondisplay.com,27-apr-2021,1619481600.0
predictivadnetwork.com,predictivadnetwork.com,27-apr-2021,1619481600.0
premium-offers.space,premium-offers.space,04-apr-2021,1617494400.0
pressurespot.com,pressurespot.com,31-may-2021,1622419200.0
privitize.com,privitize.com,25-jun-2021,1624579200.0
prizes.co.uk,prizes.co.uk,19-mar-2021,1616112000.0
prjcq.com,prjcq.com,16-mar-2021,1615852800.0
probusinesshub.com,probusinesshub.com,26-may-2021,1621987200.0
productresearchpanel.com,productresearchpanel.com,01-sep-2021,1630454400.0
producttestpanel.com,producttestpanel.com,29-jun-2021,1624924800.0
profitboosterapp.com,profitboosterapp.com,03-may-2021,1620000000.0
prolapseman.com,prolapseman.com,06-apr-2021,1617667200.0
propeller-tracking.com,propeller-tracking.com,14-apr-2021,1618358400.0
properatersch.fun,properatersch.fun,13-apr-2021,1618272000.0
protect-your-privacy.net,protect-your-privacy.net,19-jul-2021,1626652800.0
prpops.com,prpops.com,02-feb-2021,1612224000.0
ps4ux.com,ps4ux.com,02-may-2021,1619913600.0
pt21na.com,pt21na.com,16-mar-2021,1615852800.0
pteenoum.com,pteenoum.com,16-sep-2021,1631750400.0
ptirgaux.com,ptirgaux.com,16-jul-2021,1626393600.0
pttsite.com,pttsite.com,31-mar-2021,1617148800.0
publiads.com,publiads.com,07-jun-2021,1623024000.0
pubpress.net,pubpress.net,03-feb-2022,1643846400.0
push-ad.com,push-ad.com,19-may-2021,1621382400.0
push-notification.tools,push-notification.tools,05-mar-2021,1614902400.0
pushagim.com,pushagim.com,15-apr-2021,1618444800.0
pushno.com,pushno.com,27-feb-2021,1614384000.0
pussl22.com,pussl22.com,13-jul-2021,1626134400.0
qfdn3gyfbs.com,qfdn3gyfbs.com,28-jul-2021,1627430400.0
qitrck.com,qitrck.com,19-aug-2021,1629331200.0
qualifiedourspecialoffer.com,qualifiedourspecialoffer.com,04-may-2021,1620086400.0
quantserve.com,quantserve.com,20-jun-2022,1655683200.0
question2answer.com,question2answer.com,14-aug-2022,1660435200.0
quickbrowsersearch.com,quickbrowsersearch.com,10-may-2021,1620604800.0
quickfilmz.com,quickfilmz.com,17-jan-2021,1610841600.0
quicktrck.com,quicktrck.com,24-feb-2021,1614124800.0
quik-serv.com,quik-serv.com,19-aug-2021,1629331200.0
quizzitch.net,quizzitch.net,02-may-2021,1619913600.0
r7mediar.com,r7mediar.com,24-jun-2021,1624492800.0
randki-sex.com,randki-sex.com,15-jun-2021,1623715200.0
rdsa2012.com,rdsa2012.com,23-mar-2021,1616457600.0
reacherinst.com,reacherinst.com,06-mar-2021,1614988800.0
realgfsbucks.com,realgfsbucks.com,04-apr-2021,1617494400.0
realizemobicom.com,realizemobicom.com,30-apr-2021,1619740800.0
realizmobi.com,realizmobi.com,01-mar-2021,1614556800.0
realplayz.com,realplayz.com,04-aug-2022,1659571200.0
recommendedforyou.xyz,recommendedforyou.xyz,01-jun-2021,1622505600.0
redonetype.com,redonetype.com,15-jun-2021,1623715200.0
redshell.io,redshell.io,27-mar-2021,1616803200.0
regflow.com,regflow.com,24-aug-2022,1661299200.0
reklamagaci.com,reklamagaci.com,14-mar-2021,1615680000.0
reklamtrk.com,reklamtrk.com,20-may-2021,1621468800.0
relatable.top,relatable.top,24-jun-2021,1624492800.0
relestar.com,relestar.com,30-mar-2021,1617062400.0
remekcikkek.com,remekcikkek.com,29-aug-2021,1630195200.0
repairintenselyprecisefile.icu,repairintenselyprecisefile.icu,28-may-2021,1622160000.0
rewardblvd.com,rewardblvd.com,31-jan-2021,1612051200.0
rewardpoll.com,rewardpoll.com,28-aug-2021,1630108800.0
rewardsflow.com,rewardsflow.com,24-aug-2022,1661299200.0
ridepush.com,ridepush.com,13-may-2022,1652400000.0
rightmedia.net,rightmedia.net,15-jan-2021,1610668800.0
ringtonepartner.com,ringtonepartner.com,22-apr-2021,1619049600.0
rise-media.ru,rise-media.ru,18-mar-2021,1616025600.0
rivalo.network,rivalo.network,11-feb-2021,1613001600.0
rmbn.ru,rmbn.ru,29-jun-2021,1624924800.0
roshanavar.com,roshanavar.com,02-aug-2021,1627862400.0
rotumal.com,rotumal.com,18-may-2021,1621296000.0
rubi4edit.com,rubi4edit.com,24-apr-2021,1619222400.0
rubyfortune.com,rubyfortune.com,07-mar-2021,1615075200.0
rusinlepading.pro,rusinlepading.pro,02-may-2021,1619913600.0
russian-sex.com,russian-sex.com,06-apr-2021,1617667200.0
s7clean.com,s7clean.com,18-jan-2021,1610928000.0
s9kkremkr0.com,s9kkremkr0.com,18-may-2021,1621296000.0
sagent.io,sagent.io,28-jan-2021,1611792000.0
saletrybest.su,saletrybest.su,07-sep-2021,1630972800.0
savings-time.com,savings-time.com,25-feb-2021,1614211200.0
sayfabulunamadi.com,sayfabulunamadi.com,20-mar-2021,1616198400.0
sc10.net,sc10.net,01-sep-2021,1630454400.0
scribus.fr,scribus.fr,12-feb-2021,1613088000.0
scrollbelow.com,scrollbelow.com,27-jul-2022,1658880000.0
searchadv.com,searchadv.com,06-may-2021,1620259200.0
searchforit.com,searchforit.com,06-may-2021,1620259200.0
secondchancecoaching.com,secondchancecoaching.com,04-aug-2021,1628035200.0
secretlanguage.co,secretlanguage.co,31-jul-2021,1627689600.0
securemacfix.com,securemacfix.com,16-jul-2021,1626393600.0
securerr.com,securerr.com,21-apr-2021,1618963200.0
securerunner.com,securerunner.com,28-feb-2021,1614470400.0
security60-e.com,security60-e.com,06-feb-2021,1612569600.0
segob.gob.mx,segob.gob.mx,01-aug-2021,1627776000.0
seks-partner.com,seks-partner.com,03-sep-2021,1630627200.0
selfpwn.org,selfpwn.org,20-aug-2021,1629417600.0
servedbyadbutler.com,servedbyadbutler.com,24-oct-2021,1635033600.0
serving-sys.com,serving-sys.com,16-apr-2022,1650067200.0
sexcounter.com,sexcounter.com,29-jan-2021,1611878400.0
sexitnow.com,sexitnow.com,23-apr-2021,1619136000.0
sexmonitor.net,sexmonitor.net,11-jun-2021,1623369600.0
sexsponsors.com,sexsponsors.com,06-aug-2021,1628208000.0
sexzavod.com,sexzavod.com,20-jun-2021,1624147200.0
shafou.com,shafou.com,05-nov-2024,1730764800.0
shapado.com,shapado.com,12-mar-2021,1615507200.0
share-server.com,share-server.com,20-mar-2021,1616198400.0
shareaholic.com,shareaholic.com,21-jun-2021,1624233600.0
shareasale.com,shareasale.com,25-jan-2021,1611532800.0
shellstore.info,shellstore.info,15-may-2021,1621036800.0
sherkhundi.com,sherkhundi.com,18-may-2021,1621296000.0
shockgore.com,shockgore.com,09-may-2023,1683590400.0
shopperpromotions.com,shopperpromotions.com,03-feb-2021,1612310400.0
shopping-offer.com,shopping-offer.com,27-aug-2021,1630022400.0
shoppingminds.net,shoppingminds.net,08-feb-2021,1612742400.0
shorte.st,shorte.st,18-apr-2021,1618704000.0
shrimpsqueezed.com,shrimpsqueezed.com,10-oct-2021,1633824000.0
signoredom.com,signoredom.com,24-sep-2021,1632441600.0
simpleads.net,simpleads.net,08-jul-2021,1625702400.0
simpli.fi,simpli.fi,15-mar-2024,1710460800.0
simplyfwd.com,simplyfwd.com,20-jul-2021,1626739200.0
sinera.org,sinera.org,16-jun-2021,1623801600.0
siteimproveanalytics.com,siteimproveanalytics.com,26-feb-2024,1708905600.0
siteonline.stream,siteonline.stream,20-jan-2023,1674172800.0
sitestat.com,sitestat.com,14-jul-2021,1626220800.0
sitionne.pro,sitionne.pro,29-may-2021,1622246400.0
sizzle-savings.com,sizzle-savings.com,15-jun-2021,1623715200.0
skocz.pl,skocz.pl,24-feb-2021,1614124800.0
slayinglance.com,slayinglance.com,18-may-2021,1621296000.0
slimspots.com,slimspots.com,03-may-2021,1620000000.0
smart-scripts.com,smart-scripts.com,03-aug-2021,1627948800.0
smartadserver.com,smartadserver.com,10-jun-2021,1623283200.0
smartclip.com,smartclip.com,07-mar-2021,1615075200.0
smartcontext.pl,smartcontext.pl,31-aug-2021,1630368000.0
smartlifeguides.com,smartlifeguides.com,27-jul-2021,1627344000.0
smartstats.com,smartstats.com,25-aug-2021,1629849600.0
smokersopinionpoll.com,smokersopinionpoll.com,12-jun-2021,1623456000.0
smsmovies.net,smsmovies.net,24-jul-2021,1627084800.0
smutstone.com,smutstone.com,22-aug-2023,1692662400.0
snammar-jumntal.com,snammar-jumntal.com,01-jul-2021,1625097600.0
sochr.com,sochr.com,19-aug-2021,1629331200.0
softonic.com,softonic.com,28-jan-2028,1832630400.0
softonic.it,softonic.it,31-jul-2021,1627689600.0
solamor.com,solamor.com,20-may-2021,1621468800.0
solicita.info,solicita.info,24-mar-2021,1616544000.0
solutionscore.com,solutionscore.com,19-may-2021,1621382400.0
songbird.fr,songbird.fr,28-jan-2021,1611792000.0
sophang8.com,sophang8.com,19-jan-2021,1611014400.0
sourmath.com,sourmath.com,03-may-2021,1620000000.0
special-alerts.com,special-alerts.com,28-jun-2021,1624838400.0
speedcurve.com,speedcurve.com,09-sep-2021,1631145600.0
speedtestbeta.com,speedtestbeta.com,17-jun-2021,1623888000.0
spinbox.com,spinbox.com,04-feb-2021,1612396800.0
spklds.com,spklds.com,13-jul-2021,1626134400.0
spolecznosci.net,spolecznosci.net,21-jul-2021,1626825600.0
sponsor1.com,sponsor1.com,01-may-2021,1619827200.0
sports-offer.com,sports-offer.com,26-may-2021,1621987200.0
spotxchange.com,spotxchange.com,08-jun-2024,1717804800.0
sq2trk2.com,sq2trk2.com,08-apr-2021,1617840000.0
sq7.co.uk,sq7.co.uk,22-jan-2021,1611273600.0
ssl4anyone5.com,ssl4anyone5.com,03-aug-2021,1627948800.0
stackoverflow.xyz,stackoverflow.xyz,22-aug-2021,1629590400.0
statistik-gallup.dk,statistik-gallup.dk,30-apr-2021,1619740800.0
statistik-gallup.net,statistik-gallup.net,14-jan-2021,1610582400.0
stats4all.com,stats4all.com,29-jul-2021,1627516800.0
statsie.com,statsie.com,20-sep-2021,1632096000.0
statutorjuihui.site,statutorjuihui.site,20-feb-2021,1613779200.0
stellarium.fr,stellarium.fr,28-jan-2021,1611792000.0
stopphoulplay.com,stopphoulplay.com,18-apr-2021,1618704000.0
storecentr.su,storecentr.su,05-may-2021,1620172800.0
storeoverlylatestapplication.best,storeoverlylatestapplication.best,12-apr-2021,1618185600.0
stream-direct.co,stream-direct.co,29-mar-2021,1616976000.0
streamate.com,streamate.com,17-jun-2021,1623888000.0
suckdude.com,suckdude.com,16-may-2021,1621123200.0
suddenplot.com,suddenplot.com,07-jan-2022,1641513600.0
sudokuwhiz.com,sudokuwhiz.com,15-mar-2021,1615766400.0
sugoicounter.com,sugoicounter.com,15-apr-2021,1618444800.0
sunmaker.com,sunmaker.com,02-may-2021,1619913600.0
superbrewards.com,superbrewards.com,14-apr-2021,1618358400.0
superfastcdn.com,superfastcdn.com,12-sep-2021,1631404800.0
superinterstitial.com,superinterstitial.com,12-jun-2021,1623456000.0
supernaturalart.com,supernaturalart.com,10-sep-2022,1662768000.0
support-ip.com,support-ip.com,20-jul-2021,1626739200.0
suprama.online,suprama.online,22-mar-2021,1616371200.0
surplus-suppliers.com,surplus-suppliers.com,28-jan-2021,1611792000.0
surveypass.com,surveypass.com,18-feb-2021,1613606400.0
survymonkey.xyz,survymonkey.xyz,11-aug-2021,1628640000.0
susm0q6jys.com,susm0q6jys.com,25-apr-2021,1619308800.0
sweetsforfree.com,sweetsforfree.com,08-mar-2021,1615161600.0
swfhostltd.com,swfhostltd.com,24-jan-2021,1611446400.0
syncaccess.net,syncaccess.net,30-apr-2021,1619740800.0
systweak.com,systweak.com,28-sep-2025,1759017600.0
szabadonebredok.info,szabadonebredok.info,18-aug-2021,1629244800.0
tanieaukcje.com,tanieaukcje.com,25-may-2021,1621900800.0
taniezakupy.pl,taniezakupy.pl,22-sep-2021,1632268800.0
targetnet.com,targetnet.com,08-jul-2021,1625702400.0
team4heat.net,team4heat.net,24-apr-2021,1619222400.0
technicalconsumerreports.com,technicalconsumerreports.com,13-mar-2021,1615593600.0
technology-revealed.com,technology-revealed.com,24-apr-2021,1619222400.0
teeser.ru,teeser.ru,20-aug-2021,1629417600.0
telecharger-openoffice.fr,telecharger-openoffice.fr,28-jan-2021,1611792000.0
tenyek-online.com,tenyek-online.com,05-aug-2021,1628121600.0
text-link-ads.com,text-link-ads.com,16-sep-2021,1631750400.0
textsrv.com,textsrv.com,20-jun-2021,1624147200.0
tgpmanager.com,tgpmanager.com,02-may-2021,1619913600.0
thatsjustgay.com,thatsjustgay.com,12-may-2021,1620777600.0
the-adblocker.website,the-adblocker.website,21-jul-2021,1626825600.0
the-binary-trader.biz,the-binary-trader.biz,21-sep-2021,1632182400.0
the-counter.net,the-counter.net,15-aug-2021,1628985600.0
thebizmeet.com,thebizmeet.com,25-sep-2021,1632528000.0
thebrighttag.com,thebrighttag.com,23-mar-2022,1647993600.0
thedatesafe.com,thedatesafe.com,28-jul-2021,1627430400.0
thehomo.org,thehomo.org,20-aug-2021,1629417600.0
themacuser.org,themacuser.org,16-apr-2021,1618531200.0
themaplemethod.com,themaplemethod.com,30-apr-2021,1619740800.0
themecounter.com,themecounter.com,09-may-2021,1620518400.0
themusicnetwork.co.uk,themusicnetwork.co.uk,15-feb-2021,1613347200.0
thepounder.com,thepounder.com,08-mar-2021,1615161600.0
theuseful.com,theuseful.com,11-feb-2021,1613001600.0
theuseful.net,theuseful.net,20-aug-2021,1629417600.0
thirtydaychange.com,thirtydaychange.com,13-aug-2021,1628812800.0
tidebuy.com,tidebuy.com,22-jun-2021,1624320000.0
tiltott.net,tiltott.net,15-mar-2021,1615766400.0
tipsurf.com,tipsurf.com,25-may-2021,1621900800.0
titan-gel-extra.com,titan-gel-extra.com,26-apr-2021,1619395200.0
todayresearch.com,todayresearch.com,16-jun-2021,1623801600.0
tommysbookmarks.com,tommysbookmarks.com,06-apr-2021,1617667200.0
tomorrownewstoday.com,tomorrownewstoday.com,18-aug-2021,1629244800.0
topbestgames.com,topbestgames.com,15-aug-2021,1628985600.0
topcashvibes.com,topcashvibes.com,08-jul-2021,1625702400.0
topmeds10.com,topmeds10.com,17-feb-2021,1613520000.0
topshape.me,topshape.me,09-aug-2021,1628467200.0
topstats.com,topstats.com,20-jan-2021,1611100800.0
torjackan.info,torjackan.info,26-jul-2021,1627257600.0
toro-tags.com,toro-tags.com,11-may-2021,1620691200.0
toroadvertisingmedia.com,toroadvertisingmedia.com,18-mar-2021,1616025600.0
traaaack.com,traaaack.com,06-jun-2021,1622937600.0
trackvoluum.com,trackvoluum.com,28-jun-2022,1656374400.0
tradedoubler.com,tradedoubler.com,10-oct-2023,1696896000.0
trafficbee.com,trafficbee.com,04-apr-2021,1617494400.0
trafficnetworkads24.com,trafficnetworkads24.com,30-jun-2021,1625011200.0
trafficopen.com,trafficopen.com,18-feb-2021,1613606400.0
trafficsan.com,trafficsan.com,08-jan-2022,1641600000.0
traffictraders.com,traffictraders.com,16-apr-2021,1618531200.0
trafmag.com,trafmag.com,21-jul-2022,1658361600.0
trafstarcurlms.com,trafstarcurlms.com,10-feb-2021,1612915200.0
traktum.com,traktum.com,18-jan-2028,1831766400.0
trcko.com,trcko.com,23-apr-2021,1619136000.0
treasuredata.com,treasuredata.com,29-mar-2021,1616976000.0
trekmedia.net,trekmedia.net,01-may-2021,1619827200.0
trendnews.com,trendnews.com,23-sep-2021,1632355200.0
tropiccritics.com,tropiccritics.com,24-apr-2021,1619222400.0
trourted.pro,trourted.pro,29-may-2021,1622246400.0
truecrypt.fr,truecrypt.fr,28-jan-2021,1611792000.0
trustaffs.com,trustaffs.com,10-apr-2021,1618012800.0
trustedmaccleaner.com,trustedmaccleaner.com,09-jul-2021,1625788800.0
trustedmacleaner.work,trustedmacleaner.work,21-aug-2021,1629504000.0
tsyndicate.com,tsyndicate.com,28-may-2028,1843084800.0
ttoc8ok.com,ttoc8ok.com,09-mar-2021,1615248000.0
tubgirl.me,tubgirl.me,20-aug-2021,1629417600.0
tubgirl.org,tubgirl.org,18-sep-2021,1631923200.0
tudasfaja.com,tudasfaja.com,23-oct-2021,1634947200.0
tudnivalok.com,tudnivalok.com,05-jun-2021,1622851200.0
tudnodkell.info,tudnodkell.info,10-sep-2021,1631232000.0
tuniaf.com,tuniaf.com,30-jul-2021,1627603200.0
turdgasm.com,turdgasm.com,16-may-2021,1621123200.0
turn.com,turn.com,01-apr-2024,1711929600.0
twoj-typ.pl,twoj-typ.pl,28-aug-2021,1630108800.0
twoj-voucher.com,twoj-voucher.com,15-jun-2021,1623715200.0
tynt.com,tynt.com,13-sep-2021,1631491200.0
u85foldero.com,u85foldero.com,16-may-2021,1621123200.0
udarem.com,udarem.com,29-jun-2021,1624924800.0
ufpcdn.com,ufpcdn.com,19-apr-2021,1618790400.0
ultrasponsor.com,ultrasponsor.com,03-jul-2021,1625270400.0
undertonenetworks.com,undertonenetworks.com,11-jun-2021,1623369600.0
unetbootin.net,unetbootin.net,09-apr-2021,1617926400.0
unetbootin.org,unetbootin.org,09-apr-2021,1617926400.0
uproar.com,uproar.com,13-aug-2021,1628812800.0
uqz.com,uqz.com,27-jun-2021,1624752000.0
usapolice.com,usapolice.com,08-may-2021,1620432000.0
usswrite.com,usswrite.com,26-may-2021,1621987200.0
utairway.com,utairway.com,18-jan-2021,1610928000.0
v2profit.com,v2profit.com,17-jul-2022,1658016000.0
vaitu.club,vaitu.club,16-sep-2021,1631750400.0
valueclick.com,valueclick.com,15-may-2021,1621036800.0
valueclick.net,valueclick.net,16-jul-2021,1626393600.0
veirregnant.club,veirregnant.club,09-aug-2021,1628467200.0
velocecdn.com,velocecdn.com,12-sep-2021,1631404800.0
velowilenlitt.pro,velowilenlitt.pro,06-may-2021,1620259200.0
venturead.com,venturead.com,27-apr-2021,1619481600.0
vibrantmedia.com,vibrantmedia.com,10-feb-2021,1612915200.0
video-bazis.com,video-bazis.com,31-may-2021,1622419200.0
videoamp.com,videoamp.com,29-jul-2021,1627516800.0
videobox.com,videobox.com,28-feb-2021,1614470400.0
vidnline.com,vidnline.com,19-jun-2021,1624060800.0
vidroll.ru,vidroll.ru,10-mar-2021,1615334400.0
viewtools.com,viewtools.com,20-aug-2021,1629417600.0
viglink.com,viglink.com,13-dec-2023,1702425600.0
vilagfigyelo.com,vilagfigyelo.com,19-jan-2021,1611014400.0
villagarden.pl,villagarden.pl,24-mar-2021,1616544000.0
vipshopevent.su,vipshopevent.su,20-jul-2021,1626739200.0
vmcsatellite.com,vmcsatellite.com,09-may-2021,1620518400.0
voluumtrk.com,voluumtrk.com,06-aug-2024,1722902400.0
voluumtrk2.com,voluumtrk2.com,27-apr-2025,1745712000.0
voluumtrk3.com,voluumtrk3.com,29-apr-2025,1745884800.0
vomitgirl.org,vomitgirl.org,06-apr-2021,1617667200.0
vxiframe.biz,vxiframe.biz,26-aug-2021,1629936000.0
vzarabotke.ru,vzarabotke.ru,11-apr-2021,1618099200.0
wafmedia3.com,wafmedia3.com,19-aug-2021,1629331200.0
wahoha.com,wahoha.com,26-apr-2021,1619395200.0
waldenfarms.com,waldenfarms.com,20-feb-2022,1645315200.0
walkthedinosaur.com,walkthedinosaur.com,06-apr-2021,1617667200.0
watch-this.live,watch-this.live,12-feb-2021,1613088000.0
wdm29.com,wdm29.com,18-jan-2021,1610928000.0
we-are-gamers.com,we-are-gamers.com,02-may-2021,1619913600.0
wearewolves-records.com,wearewolves-records.com,18-jan-2021,1610928000.0
web-bars.com,web-bars.com,21-aug-2021,1629504000.0
webbizwild.com,webbizwild.com,31-jul-2021,1627689600.0
webcompteur.com,webcompteur.com,04-feb-2021,1612396800.0
webcounter.com,webcounter.com,14-may-2021,1620950400.0
webkurchatov.ru,webkurchatov.ru,22-aug-2021,1629590400.0
webpaypal.com,webpaypal.com,11-apr-2021,1618099200.0
webstats1.com,webstats1.com,28-may-2022,1653696000.0
wegetpaid.net,wegetpaid.net,09-apr-2021,1617926400.0
wegotmedia.co,wegotmedia.co,11-aug-2021,1628640000.0
wenda.io,wenda.io,17-jan-2021,1610841600.0
westerdayeol.site,westerdayeol.site,20-feb-2021,1613779200.0
wetransf.online,wetransf.online,31-may-2021,1622419200.0
whipcrack.org,whipcrack.org,07-may-2021,1620345600.0
widespace.com,widespace.com,04-apr-2021,1617494400.0
wikidevs.com,wikidevs.com,02-jul-2021,1625184000.0
willysy.com,willysy.com,07-sep-2021,1630972800.0
win-phone-14.com,win-phone-14.com,11-jul-2021,1625961600.0
wonderlandads.com,wonderlandads.com,29-apr-2021,1619654400.0
work-offer.com,work-offer.com,25-feb-2021,1614211200.0
wormgush.com,wormgush.com,07-may-2021,1620345600.0
wp-club.net,wp-club.net,09-jun-2021,1623196800.0
wpadx.com,wpadx.com,18-jun-2021,1623974400.0
wppluginspro.com,wppluginspro.com,14-aug-2021,1628899200.0
wrontonshatbona.pro,wrontonshatbona.pro,02-may-2021,1619913600.0
wtp101.com,wtp101.com,09-mar-2021,1615248000.0
wwnc.xyz,wwnc.xyz,15-aug-2021,1628985600.0
wytypowany-zwyciezca.com,wytypowany-zwyciezca.com,23-jan-2021,1611360000.0
wytypowany-zwyciezca.pl,wytypowany-zwyciezca.pl,11-aug-2021,1628640000.0
xaxis.com,xaxis.com,23-mar-2021,1616457600.0
xbasfbno.info,xbasfbno.info,25-feb-2021,1614211200.0
xcore.in,xcore.in,17-jun-2021,1623888000.0
xen-media.com,xen-media.com,17-sep-2021,1631836800.0
xgames-04.com,xgames-04.com,05-aug-2021,1628121600.0
xl-trk.com,xl-trk.com,18-jul-2021,1626566400.0
xlivehost.com,xlivehost.com,24-jul-2021,1627084800.0
xmlheads.com,xmlheads.com,26-aug-2021,1629936000.0
xn--oogle-wmc.com,xn--oogle-wmc.com,23-mar-2021,1616457600.0
xpantivirus.com,xpantivirus.com,20-sep-2021,1632096000.0
xphones-2019.info,xphones-2019.info,26-mar-2021,1616716800.0
xtrasizeoriginal.com.br,xtrasizeoriginal.com.br,07-jun-2021,1623024000.0
xxlargepop.com,xxlargepop.com,09-jun-2021,1623196800.0
yadro.ru,yadro.ru,22-jan-2021,1611273600.0
yieldmanager.net,yieldmanager.net,17-mar-2021,1615939200.0
yllix.com,yllix.com,30-mar-2022,1648598400.0
yoredi.com,yoredi.com,29-mar-2021,1616976000.0
yotube.com,yotube.com,14-aug-2026,1786665600.0
youaresogay.com,youaresogay.com,07-feb-2021,1612656000.0
youcanoptout.com,youcanoptout.com,22-jul-2021,1626912000.0
your-gift-zone.com,your-gift-zone.com,23-sep-2021,1632355200.0
yourgascards.com,yourgascards.com,04-may-2021,1620086400.0
yourgiftrewards.com,yourgiftrewards.com,08-feb-2021,1612742400.0
yourgiftzone.com,yourgiftzone.com,16-jul-2021,1626393600.0
yourhandytips.com,yourhandytips.com,23-may-2021,1621728000.0
youripad4free.com,youripad4free.com,26-jan-2021,1611619200.0
yoursmartrewards.com,yoursmartrewards.com,28-apr-2021,1619568000.0
yt-adblocker.com,yt-adblocker.com,01-jun-2022,1654041600.0
yumenetworks.com,yumenetworks.com,16-jun-2022,1655337600.0
zabavazaodrasle.com,zabavazaodrasle.com,27-mar-2021,1616803200.0
zapadserver1.com,zapadserver1.com,01-jun-2021,1622505600.0
zapcdn.space,zapcdn.space,25-jan-2021,1611532800.0
zemgo.com,zemgo.com,29-jan-2021,1611878400.0
zenigameblinger.org,zenigameblinger.org,06-mar-2021,1614988800.0
zentastic.com,zentastic.com,07-dec-2021,1638835200.0
zeroredirect.com,zeroredirect.com,31-may-2021,1622419200.0
zeroredirect1.com,zeroredirect1.com,14-jun-2022,1655164800.0
zeroredirect10.com,zeroredirect10.com,17-jul-2021,1626480000.0
zeroredirect11.com,zeroredirect11.com,17-jul-2021,1626480000.0
zeroredirect12.com,zeroredirect12.com,17-jul-2021,1626480000.0
zeroredirect2.com,zeroredirect2.com,15-feb-2024,1707955200.0
zeroredirect5.com,zeroredirect5.com,09-apr-2021,1617926400.0
zeroredirect6.com,zeroredirect6.com,25-jun-2021,1624579200.0
zeroredirect7.com,zeroredirect7.com,09-apr-2021,1617926400.0
zeroredirect8.com,zeroredirect8.com,25-jun-2021,1624579200.0
zeroredirect9.com,zeroredirect9.com,17-jul-2021,1626480000.0
zettapetta.com,zettapetta.com,12-sep-2021,1631404800.0
zevents.com,zevents.com,12-sep-2021,1631404800.0
zytpirwai.net,zytpirwai.net,14-sep-2021,1631577600.0
oralse.cx,oralse.cx,12-dec-2021,1639267200.0
1girl1pitcher.com,1girl1pitcher.com,17-dec-2021,1639699200.0
bagslap.com,bagslap.com,27-dec-2021,1640563200.0
ballsack.org,ballsack.org,10-may-2021,1620604800.0
bestshockers.com,bestshockers.com,28-sep-2021,1632787200.0
detroithardcore.com,detroithardcore.com,26-dec-2021,1640476800.0
homewares.org,homewares.org,11-nov-2021,1636588800.0
jarsquatter.com,jarsquatter.com,13-dec-2021,1639353600.0
jiztini.com,jiztini.com,15-nov-2021,1636934400.0
kids-in-sandbox.com,kids-in-sandbox.com,07-dec-2021,1638835200.0
lemonparty.org,lemonparty.org,03-oct-2021,1633219200.0
merryholidays.org,merryholidays.org,04-dec-2021,1638576000.0
nobrain.dk,nobrain.dk,30-nov-2025,1764460800.0
painolympics.org,painolympics.org,28-sep-2021,1632787200.0
strawpoii.me,strawpoii.me,31-dec-2021,1640908800.0
thatsphucked.com,thatsphucked.com,11-oct-2021,1633910400.0
4-counter.com,4-counter.com,25-jan-2021,1611532800.0
adobestats.com,adobestats.com,04-jan-2022,1641254400.0
audacity.fr,audacity.fr,28-oct-2021,1635379200.0
belierlaine.com,belierlaine.com,22-dec-2021,1640131200.0
brightroll.com,brightroll.com,16-dec-2021,1639612800.0
brucelead.com,brucelead.com,16-oct-2021,1634342400.0
clckcloud.com,clckcloud.com,17-apr-2022,1650153600.0
counter.cz,counter.cz,12-oct-2021,1633996800.0
counterbot.com,counterbot.com,27-sep-2021,1632700800.0
dotcomsecrets.com,dotcomsecrets.com,25-oct-2021,1635120000.0
dwclick.com,dwclick.com,09-jun-2023,1686268800.0
fdbdo.com,fdbdo.com,14-dec-2021,1639440000.0
flixprice.com,flixprice.com,29-dec-2021,1640736000.0
foxcounter.com,foxcounter.com,07-oct-2021,1633564800.0
freewebcounter.com,freewebcounter.com,08-dec-2021,1638921600.0
geocounter.net,geocounter.net,27-oct-2021,1635292800.0
googfle.com,googfle.com,13-nov-2021,1636761600.0
googletagservices.com,googletagservices.com,17-dec-2021,1639699200.0
gostats.com,gostats.com,01-dec-2025,1764547200.0
ieplugin.com,ieplugin.com,16-oct-2021,1634342400.0
justtrck.com,justtrck.com,13-jan-2022,1642032000.0
mmstat.com,mmstat.com,25-dec-2022,1671926400.0
msnm.com,msnm.com,26-sep-2022,1664150400.0
net-radar.com,net-radar.com,12-nov-2021,1636675200.0
neweggstats.com,neweggstats.com,09-jan-2024,1704758400.0
ourtoolbar.com,ourtoolbar.com,01-jan-2022,1640995200.0
pointclicktrack.com,pointclicktrack.com,02-dec-2021,1638403200.0
qbittorrent.com,qbittorrent.com,10-jan-2022,1641772800.0
rightstats.com,rightstats.com,18-dec-2021,1639785600.0
sclk.org,sclk.org,28-jun-2022,1656374400.0
scorecardresearch.com,scorecardresearch.com,01-nov-2021,1635724800.0
statcounter.com,statcounter.com,05-jan-2022,1641340800.0
superstats.com,superstats.com,05-oct-2022,1664928000.0
toolbarpartner.com,toolbarpartner.com,15-feb-2022,1644883200.0
true-counter.com,true-counter.com,12-apr-2022,1649721600.0
ultimatecounter.com,ultimatecounter.com,31-oct-2022,1667174400.0
warlog.info,warlog.info,21-mar-2022,1647820800.0
whentheyopened.com,whentheyopened.com,08-oct-2021,1633651200.0
xcnn.com,xcnn.com,13-nov-2021,1636761600.0
xxxcounter.com,xxxcounter.com,07-dec-2021,1638835200.0
05tz2e9.com,05tz2e9.com,26-apr-2022,1650931200.0
10tide.com,10tide.com,06-mar-2022,1646524800.0
osqa.com,osqa.com,29-nov-2022,1669680000.0
adshufffle.com,adshufffle.com,17-oct-2021,1634428800.0
ale-gratka.pl,ale-gratka.pl,27-jan-2022,1643241600.0
aneralflas.club,aneralflas.club,20-nov-2021,1637366400.0
antispywareexpert.com,antispywareexpert.com,16-nov-2021,1637020800.0
antivirus-scanner.com,antivirus-scanner.com,15-dec-2021,1639526400.0
asianread.com,asianread.com,11-nov-2021,1636588800.0
askto.net,askto.net,30-sep-2022,1664496000.0
autohipnose.com,autohipnose.com,26-nov-2021,1637884800.0
avsvmcloud.com,avsvmcloud.com,25-jul-2023,1690243200.0
backlusjumpdur.club,backlusjumpdur.club,17-nov-2021,1637107200.0
badmactogoodmac.tech,badmactogoodmac.tech,22-aug-2021,1629590400.0
benefitsorganic.com,benefitsorganic.com,26-feb-2022,1645833600.0
bestreview.site,bestreview.site,29-apr-2022,1651190400.0
bitcoin-upappl.com,bitcoin-upappl.com,13-oct-2021,1634083200.0
certifiedwinners.today,certifiedwinners.today,30-sep-2021,1632960000.0
clean-mobilephone.com,clean-mobilephone.com,04-jan-2022,1641254400.0
cleanmobilephone.com,cleanmobilephone.com,11-oct-2021,1633910400.0
clien.net,clien.net,26-oct-2025,1761436800.0
codeotel.com,codeotel.com,13-mar-2022,1647129600.0
coderexception.com,coderexception.com,19-feb-2022,1645228800.0
coinhive.com,coinhive.com,01-dec-2021,1638316800.0
coinimp.com,coinimp.com,19-nov-2022,1668816000.0
crypto-loot.com,crypto-loot.com,04-oct-2021,1633305600.0
facemail.com,facemail.com,23-nov-2023,1700697600.0
find-yourprofithere.life,find-yourprofithere.life,10-oct-2021,1633824000.0
fromru.su,fromru.su,09-jan-2022,1641686400.0
hackerz.ir,hackerz.ir,05-dec-2024,1733356800.0
hajoopteg.com,hajoopteg.com,07-dec-2022,1670371200.0
hashing.win,hashing.win,10-dec-2021,1639094400.0
hcg82f2b.com,hcg82f2b.com,28-nov-2021,1638057600.0
himicrosoft.com,himicrosoft.com,26-nov-2021,1637884800.0
hintonsfeetred.info,hintonsfeetred.info,23-jan-2022,1642896000.0
hot24profit.life,hot24profit.life,03-nov-2021,1635897600.0
how-tosolve.com,how-tosolve.com,26-apr-2022,1650931200.0
irony.world,irony.world,27-oct-2021,1635292800.0
jqueryscript.net,jqueryscript.net,07-nov-2021,1636243200.0
juste.ru,juste.ru,25-oct-2021,1635120000.0
keepinfit.net,keepinfit.net,18-oct-2021,1634515200.0
klowns4phun.com,klowns4phun.com,18-nov-2021,1637193600.0
konflow.com,konflow.com,07-oct-2021,1633564800.0
lank.ru,lank.ru,30-nov-2021,1638230400.0
licasd.com,licasd.com,01-dec-2022,1669852800.0
likethislist.biz,likethislist.biz,20-oct-2021,1634688000.0
lingintirejohny.club,lingintirejohny.club,07-nov-2021,1636243200.0
microsoftsupport.xyz,microsoftsupport.xyz,27-feb-2022,1645920000.0
minero.pw,minero.pw,03-jun-2022,1654214400.0
mobpushup.com,mobpushup.com,28-nov-2021,1638057600.0
mp3red.cc,mp3red.cc,08-oct-2021,1633651200.0
ms-shopplus.su,ms-shopplus.su,19-dec-2021,1639872000.0
mv0129.stream,mv0129.stream,14-oct-2021,1634169600.0
novemberrainx.com,novemberrainx.com,26-jan-2022,1643155200.0
o3sndvzo25.com,o3sndvzo25.com,08-nov-2021,1636329600.0
onlinewebfind.com,onlinewebfind.com,09-mar-2022,1646784000.0
openinternetexchange.com,openinternetexchange.com,02-nov-2021,1635811200.0
ordersildenafil.com,ordersildenafil.com,24-dec-2021,1640304000.0
osqa.net,osqa.net,24-dec-2021,1640304000.0
otsserver.com,otsserver.com,21-mar-2022,1647820800.0
pcnetworkreliablecloudservices.online,pcnetworkreliablecloudservices.online,05-oct-2021,1633392000.0
phatthalung.go.th,phatthalung.go.th,30-sep-2021,1632960000.0
phpancake.com,phpancake.com,08-oct-2021,1633651200.0
picture-uploads.com,picture-uploads.com,21-jan-2022,1642723200.0
poonstwifterspick.work,poonstwifterspick.work,02-nov-2021,1635811200.0
ppoi.org,ppoi.org,10-mar-2022,1646870400.0
premium-live-scan.com,premium-live-scan.com,08-oct-2021,1633651200.0
projectpoi.com,projectpoi.com,19-dec-2021,1639872000.0
qip.ru,qip.ru,25-nov-2021,1637798400.0
rickrolling.com,rickrolling.com,30-nov-2021,1638230400.0
rocks.io,rocks.io,15-nov-2021,1636934400.0
romdiscover.com,romdiscover.com,16-dec-2021,1639612800.0
rootbuzz.com,rootbuzz.com,12-oct-2021,1633996800.0
runtnc.net,runtnc.net,19-dec-2021,1639872000.0
s4d.in,s4d.in,19-oct-2021,1634601600.0
saleprice.su,saleprice.su,09-dec-2021,1639008000.0
seeques.com,seeques.com,19-feb-2022,1645228800.0
smile-angel.com,smile-angel.com,11-oct-2021,1633910400.0
software-updates.co,software-updates.co,08-oct-2021,1633651200.0
solveseek.com,solveseek.com,24-may-2022,1653350400.0
sverd.net,sverd.net,29-nov-2021,1638144000.0
tahoesup.com,tahoesup.com,01-dec-2021,1638316800.0
tattooshaha.info,tattooshaha.info,30-nov-2021,1638230400.0
techques.com,techques.com,26-dec-2021,1640476800.0
thebestgame2020.com,thebestgame2020.com,14-nov-2021,1636848000.0
tiku.io,tiku.io,04-oct-2021,1633305600.0
toknowall.com,toknowall.com,15-dec-2021,1639526400.0
toptypeonlinetheclicks.icu,toptypeonlinetheclicks.icu,20-oct-2021,1634688000.0
trovi.com,trovi.com,01-jan-2022,1640995200.0
tvshowslist.com,tvshowslist.com,03-dec-2021,1638489600.0
unitdotto.club,unitdotto.club,21-oct-2021,1634774400.0
w3facility.org,w3facility.org,12-feb-2022,1644624000.0
wait3sec.org,wait3sec.org,31-oct-2021,1635638400.0
waudeesestew.com,waudeesestew.com,08-nov-2021,1636329600.0
webassembly.stream,webassembly.stream,10-dec-2021,1639094400.0
webwise.com,webwise.com,31-dec-2026,1798675200.0
webwise.net,webwise.net,30-dec-2021,1640822400.0
webwise.org,webwise.org,24-nov-2021,1637712000.0
wewillrocknow.com,wewillrocknow.com,26-jan-2022,1643155200.0
wk4x5rdtoz2tn0.com,wk4x5rdtoz2tn0.com,17-dec-2021,1639699200.0
worldnewstoday.site,worldnewstoday.site,17-oct-2021,1634428800.0
xpx7heciz9.com,xpx7heciz9.com,02-oct-2021,1633132800.0
yrwap.cn,yrwap.cn,08-oct-2021,1633651200.0
ukrpts.net,ukrpts.net,06-oct-2021,1633478400.0
redsheriff.com,redsheriff.com,30-nov-2021,1638230400.0
2o7.net,2o7.net,29-sep-2021,1632873600.0
24trk.com,24trk.com,06-apr-2022,1649203200.0
2leep.com,2leep.com,12-dec-2021,1639267200.0
2perc.info,2perc.info,30-nov-2021,1638230400.0
32red.it,32red.it,27-oct-2021,1635292800.0
6kup12tgxx.com,6kup12tgxx.com,13-nov-2021,1636761600.0
compolice.net,compolice.net,11-nov-2022,1668124800.0
cyppolice.com,cyppolice.com,11-jan-2022,1641859200.0
egypolice.com,egypolice.com,22-dec-2021,1640131200.0
ethpolice.com,ethpolice.com,19-dec-2021,1639872000.0
geopolice.com,geopolice.com,28-nov-2021,1638057600.0
accountprotection.xyz,accountprotection.xyz,15-oct-2021,1634256000.0
actiondesk.com,actiondesk.com,29-sep-2022,1664409600.0
ad-clicks.com,ad-clicks.com,09-oct-2021,1633737600.0
ad-gbn.com,ad-gbn.com,31-dec-2021,1640908800.0
ad-server.co.za,ad-server.co.za,12-dec-2021,1639267200.0
adbers.com,adbers.com,14-mar-2022,1647216000.0
adblade.com,adblade.com,30-oct-2021,1635552000.0
adcanadian.com,adcanadian.com,06-apr-2022,1649203200.0
adcash.com,adcash.com,20-nov-2021,1637366400.0
adcentriconline.com,adcentriconline.com,20-dec-2021,1639958400.0
addthiscdn.com,addthiscdn.com,03-dec-2021,1638489600.0
adecn.com,adecn.com,29-nov-2021,1638144000.0
adexpansion.com,adexpansion.com,07-jan-2022,1641513600.0
adexprt.com,adexprt.com,19-mar-2022,1647648000.0
adexprt.me,adexprt.me,27-nov-2021,1637971200.0
adexprts.com,adexprts.com,07-dec-2021,1638835200.0
adgardener.com,adgardener.com,22-dec-2021,1640131200.0
adipics.com,adipics.com,18-dec-2021,1639785600.0
adireland.com,adireland.com,09-dec-2021,1639008000.0
adriver.ru,adriver.ru,01-jan-2022,1640995200.0
adroll.com,adroll.com,13-oct-2021,1634083200.0
ads-t.ru,ads-t.ru,11-dec-2021,1639180800.0
ads01.com,ads01.com,25-nov-2021,1637798400.0
ads24.net,ads24.net,04-jan-2022,1641254400.0
ads4homes.com,ads4homes.com,07-oct-2021,1633564800.0
adscendmedia.com,adscendmedia.com,12-nov-2021,1636675200.0
adserver.co.il,adserver.co.il,24-jan-2022,1642982400.0
adserver.com,adserver.com,08-jan-2022,1641600000.0
